#include "NN_model.h"

// Alineación requerida por TensorFlow Lite Micro y SIMD de 128 bits en ESP32-S3
alignas(16) const unsigned char g_model_data[] = {
  0x1C, 0x00, 0x00, 0x00, 0x54, 0x46, 0x4C, 0x33, 0x14, 0x00, 0x20, 0x00,
  0x1C, 0x00, 0x18, 0x00, 0x14, 0x00, 0x10, 0x00, 0x0C, 0x00, 0x00, 0x00,
  0x08, 0x00, 0x04, 0x00, 0x14, 0x00, 0x00, 0x00, 0x1C, 0x00, 0x00, 0x00,
  0x8C, 0x00, 0x00, 0x00, 0xE4, 0x00, 0x00, 0x00, 0x70, 0x1A, 0x00, 0x00,
  0x80, 0x1A, 0x00, 0x00, 0x64, 0x62, 0x00, 0x00, 0x03, 0x00, 0x00, 0x00,
  0x01, 0x00, 0x00, 0x00, 0x04, 0x00, 0x00, 0x00, 0x62, 0xDC, 0xFF, 0xFF,
  0x0C, 0x00, 0x00, 0x00, 0x1C, 0x00, 0x00, 0x00, 0x40, 0x00, 0x00, 0x00,
  0x0F, 0x00, 0x00, 0x00, 0x73, 0x65, 0x72, 0x76, 0x69, 0x6E, 0x67, 0x5F,
  0x64, 0x65, 0x66, 0x61, 0x75, 0x6C, 0x74, 0x00, 0x01, 0x00, 0x00, 0x00,
  0x04, 0x00, 0x00, 0x00, 0x90, 0xFF, 0xFF, 0xFF, 0x4F, 0x00, 0x00, 0x00,
  0x04, 0x00, 0x00, 0x00, 0x0F, 0x00, 0x00, 0x00, 0x6F, 0x75, 0x74, 0x70,
  0x75, 0x74, 0x5F, 0x67, 0x65, 0x73, 0x74, 0x75, 0x72, 0x65, 0x73, 0x00,
  0x01, 0x00, 0x00, 0x00, 0x04, 0x00, 0x00, 0x00, 0xD6, 0xE4, 0xFF, 0xFF,
  0x04, 0x00, 0x00, 0x00, 0x0A, 0x00, 0x00, 0x00, 0x69, 0x6E, 0x70, 0x75,
  0x74, 0x5F, 0x73, 0x65, 0x6D, 0x67, 0x00, 0x00, 0x02, 0x00, 0x00, 0x00,
  0x34, 0x00, 0x00, 0x00, 0x04, 0x00, 0x00, 0x00, 0xDC, 0xFF, 0xFF, 0xFF,
  0x52, 0x00, 0x00, 0x00, 0x04, 0x00, 0x00, 0x00, 0x13, 0x00, 0x00, 0x00,
  0x43, 0x4F, 0x4E, 0x56, 0x45, 0x52, 0x53, 0x49, 0x4F, 0x4E, 0x5F, 0x4D,
  0x45, 0x54, 0x41, 0x44, 0x41, 0x54, 0x41, 0x00, 0x08, 0x00, 0x0C, 0x00,
  0x08, 0x00, 0x04, 0x00, 0x08, 0x00, 0x00, 0x00, 0x51, 0x00, 0x00, 0x00,
  0x04, 0x00, 0x00, 0x00, 0x13, 0x00, 0x00, 0x00, 0x6D, 0x69, 0x6E, 0x5F,
  0x72, 0x75, 0x6E, 0x74, 0x69, 0x6D, 0x65, 0x5F, 0x76, 0x65, 0x72, 0x73,
  0x69, 0x6F, 0x6E, 0x00, 0x53, 0x00, 0x00, 0x00, 0x88, 0x19, 0x00, 0x00,
  0x80, 0x19, 0x00, 0x00, 0x6C, 0x19, 0x00, 0x00, 0x50, 0x19, 0x00, 0x00,
  0x28, 0x19, 0x00, 0x00, 0x00, 0x19, 0x00, 0x00, 0xEC, 0x18, 0x00, 0x00,
  0xD4, 0x18, 0x00, 0x00, 0xB8, 0x18, 0x00, 0x00, 0x90, 0x18, 0x00, 0x00,
  0x7C, 0x18, 0x00, 0x00, 0x60, 0x18, 0x00, 0x00, 0x4C, 0x18, 0x00, 0x00,
  0x2C, 0x18, 0x00, 0x00, 0xDC, 0x17, 0x00, 0x00, 0x8C, 0x17, 0x00, 0x00,
  0x7C, 0x16, 0x00, 0x00, 0x5C, 0x16, 0x00, 0x00, 0x4C, 0x13, 0x00, 0x00,
  0x2C, 0x13, 0x00, 0x00, 0x1C, 0x10, 0x00, 0x00, 0xFC, 0x0F, 0x00, 0x00,
  0xEC, 0x0C, 0x00, 0x00, 0xCC, 0x0C, 0x00, 0x00, 0x7C, 0x0C, 0x00, 0x00,
  0x74, 0x0C, 0x00, 0x00, 0x6C, 0x0C, 0x00, 0x00, 0x64, 0x0C, 0x00, 0x00,
  0x54, 0x09, 0x00, 0x00, 0x04, 0x09, 0x00, 0x00, 0xF4, 0x05, 0x00, 0x00,
  0xA4, 0x05, 0x00, 0x00, 0x94, 0x02, 0x00, 0x00, 0x44, 0x02, 0x00, 0x00,
  0x04, 0x02, 0x00, 0x00, 0xFC, 0x01, 0x00, 0x00, 0xF4, 0x01, 0x00, 0x00,
  0xEC, 0x01, 0x00, 0x00, 0xE4, 0x01, 0x00, 0x00, 0xDC, 0x01, 0x00, 0x00,
  0xD4, 0x01, 0x00, 0x00, 0xCC, 0x01, 0x00, 0x00, 0xC4, 0x01, 0x00, 0x00,
  0xBC, 0x01, 0x00, 0x00, 0xB4, 0x01, 0x00, 0x00, 0xAC, 0x01, 0x00, 0x00,
  0xA4, 0x01, 0x00, 0x00, 0x9C, 0x01, 0x00, 0x00, 0x94, 0x01, 0x00, 0x00,
  0x8C, 0x01, 0x00, 0x00, 0x84, 0x01, 0x00, 0x00, 0x7C, 0x01, 0x00, 0x00,
  0x74, 0x01, 0x00, 0x00, 0x6C, 0x01, 0x00, 0x00, 0x64, 0x01, 0x00, 0x00,
  0x5C, 0x01, 0x00, 0x00, 0x54, 0x01, 0x00, 0x00, 0x4C, 0x01, 0x00, 0x00,
  0x44, 0x01, 0x00, 0x00, 0x3C, 0x01, 0x00, 0x00, 0x34, 0x01, 0x00, 0x00,
  0x2C, 0x01, 0x00, 0x00, 0x24, 0x01, 0x00, 0x00, 0x1C, 0x01, 0x00, 0x00,
  0x14, 0x01, 0x00, 0x00, 0x0C, 0x01, 0x00, 0x00, 0x04, 0x01, 0x00, 0x00,
  0xFC, 0x00, 0x00, 0x00, 0xF4, 0x00, 0x00, 0x00, 0xEC, 0x00, 0x00, 0x00,
  0xE4, 0x00, 0x00, 0x00, 0xDC, 0x00, 0x00, 0x00, 0xD4, 0x00, 0x00, 0x00,
  0xCC, 0x00, 0x00, 0x00, 0xC4, 0x00, 0x00, 0x00, 0xBC, 0x00, 0x00, 0x00,
  0xB4, 0x00, 0x00, 0x00, 0xAC, 0x00, 0x00, 0x00, 0xA4, 0x00, 0x00, 0x00,
  0x9C, 0x00, 0x00, 0x00, 0x94, 0x00, 0x00, 0x00, 0x74, 0x00, 0x00, 0x00,
  0x04, 0x00, 0x00, 0x00, 0x9A, 0xE6, 0xFF, 0xFF, 0x04, 0x00, 0x00, 0x00,
  0x60, 0x00, 0x00, 0x00, 0x0C, 0x00, 0x00, 0x00, 0x08, 0x00, 0x0E, 0x00,
  0x08, 0x00, 0x04, 0x00, 0x08, 0x00, 0x00, 0x00, 0x10, 0x00, 0x00, 0x00,
  0x28, 0x00, 0x00, 0x00, 0x00, 0x00, 0x06, 0x00, 0x08, 0x00, 0x04, 0x00,
  0x06, 0x00, 0x00, 0x00, 0x04, 0x00, 0x00, 0x00, 0x01, 0x00, 0x00, 0x00,
  0xEB, 0x03, 0x00, 0x00, 0x0C, 0x00, 0x18, 0x00, 0x14, 0x00, 0x10, 0x00,
  0x0C, 0x00, 0x04, 0x00, 0x0C, 0x00, 0x00, 0x00, 0xA5, 0xC1, 0x4A, 0x0B,
  0xF5, 0x06, 0xAE, 0x32, 0x02, 0x00, 0x00, 0x00, 0x02, 0x00, 0x00, 0x00,
  0x04, 0x00, 0x00, 0x00, 0x06, 0x00, 0x00, 0x00, 0x32, 0x2E, 0x32, 0x31,
  0x2E, 0x30, 0x00, 0x00, 0x06, 0xE7, 0xFF, 0xFF, 0x04, 0x00, 0x00, 0x00,
  0x10, 0x00, 0x00, 0x00, 0x32, 0x2E, 0x33, 0x2E, 0x30, 0x00, 0x00, 0x00,
  0x00, 0x00, 0x00, 0x00, 0x00, 0x00, 0x00, 0x00, 0x18, 0xA1, 0xFF, 0xFF,
  0x1C, 0xA1, 0xFF, 0xFF, 0x20, 0xA1, 0xFF, 0xFF, 0x24, 0xA1, 0xFF, 0xFF,
  0x28, 0xA1, 0xFF, 0xFF, 0x2C, 0xA1, 0xFF, 0xFF, 0x30, 0xA1, 0xFF, 0xFF,
  0x34, 0xA1, 0xFF, 0xFF, 0x38, 0xA1, 0xFF, 0xFF, 0x3C, 0xA1, 0xFF, 0xFF,
  0x40, 0xA1, 0xFF, 0xFF, 0x44, 0xA1, 0xFF, 0xFF, 0x48, 0xA1, 0xFF, 0xFF,
  0x4C, 0xA1, 0xFF, 0xFF, 0x50, 0xA1, 0xFF, 0xFF, 0x54, 0xA1, 0xFF, 0xFF,
  0x58, 0xA1, 0xFF, 0xFF, 0x5C, 0xA1, 0xFF, 0xFF, 0x60, 0xA1, 0xFF, 0xFF,
  0x64, 0xA1, 0xFF, 0xFF, 0x68, 0xA1, 0xFF, 0xFF, 0x6C, 0xA1, 0xFF, 0xFF,
  0x70, 0xA1, 0xFF, 0xFF, 0x74, 0xA1, 0xFF, 0xFF, 0x78, 0xA1, 0xFF, 0xFF,
  0x7C, 0xA1, 0xFF, 0xFF, 0x80, 0xA1, 0xFF, 0xFF, 0x84, 0xA1, 0xFF, 0xFF,
  0x88, 0xA1, 0xFF, 0xFF, 0x8C, 0xA1, 0xFF, 0xFF, 0x90, 0xA1, 0xFF, 0xFF,
  0x94, 0xA1, 0xFF, 0xFF, 0x98, 0xA1, 0xFF, 0xFF, 0x9C, 0xA1, 0xFF, 0xFF,
  0xA0, 0xA1, 0xFF, 0xFF, 0xA4, 0xA1, 0xFF, 0xFF, 0xA8, 0xA1, 0xFF, 0xFF,
  0xAC, 0xA1, 0xFF, 0xFF, 0xB0, 0xA1, 0xFF, 0xFF, 0xB4, 0xA1, 0xFF, 0xFF,
  0xB8, 0xA1, 0xFF, 0xFF, 0xBC, 0xA1, 0xFF, 0xFF, 0xC0, 0xA1, 0xFF, 0xFF,
  0xC4, 0xA1, 0xFF, 0xFF, 0xC8, 0xA1, 0xFF, 0xFF, 0xCC, 0xA1, 0xFF, 0xFF,
  0xDA, 0xE7, 0xFF, 0xFF, 0x04, 0x00, 0x00, 0x00, 0x30, 0x00, 0x00, 0x00,
  0x86, 0x00, 0x81, 0x58, 0x5B, 0x81, 0x7B, 0x00, 0x7F, 0x00, 0x00, 0x00,
  0x00, 0x69, 0x7F, 0x81, 0x00, 0x00, 0x00, 0x00, 0x00, 0x7F, 0x00, 0x00,
  0x00, 0x00, 0x81, 0x00, 0x00, 0x00, 0x00, 0x81, 0x8B, 0x00, 0x00, 0x00,
  0x7F, 0x00, 0x00, 0x00, 0x00, 0x00, 0x00, 0x00, 0x00, 0x00, 0x00, 0x00,
  0x16, 0xE8, 0xFF, 0xFF, 0x04, 0x00, 0x00, 0x00, 0x40, 0x00, 0x00, 0x00,
  0x7D, 0xFF, 0xFF, 0xFF, 0x85, 0xFE, 0xFF, 0xFF, 0xA9, 0x00, 0x00, 0x00,
  0x00, 0xD9, 0x82, 0x0C, 0x4F, 0xFE, 0xFF, 0xFF, 0xFC, 0x00, 0x00, 0x00,
  0xDA, 0xAC, 0x18, 0xFE, 0xFE, 0xFE, 0xFF, 0xFF, 0x43, 0xFF, 0xFF, 0xFF,
  0xD0, 0x4D, 0x01, 0xF2, 0x69, 0xFF, 0xFF, 0xFF, 0x80, 0xCD, 0x6F, 0x20,
  0x6A, 0xFE, 0xFF, 0xFF, 0x00, 0x68, 0x6B, 0xF5, 0xC0, 0xDD, 0x08, 0xF6,
  0x10, 0xEE, 0xFD, 0xF5, 0x62, 0xE8, 0xFF, 0xFF, 0x04, 0x00, 0x00, 0x00,
  0x00, 0x03, 0x00, 0x00, 0x51, 0x00, 0x00, 0x00, 0x00, 0x6D, 0x00, 0x00,
  0x00, 0x00, 0x59, 0x00, 0x81, 0x00, 0x00, 0x00, 0x00, 0x00, 0x00, 0x00,
  0x00, 0x00, 0x00, 0x00, 0x00, 0x5D, 0x00, 0x00, 0x00, 0x55, 0x63, 0x00,
  0x00, 0x00, 0x00, 0xAA, 0xB2, 0x00, 0x00, 0x53, 0x00, 0xB6, 0x00, 0x00,
  0x00, 0x00, 0x00, 0x00, 0x5B, 0x00, 0x00, 0x81, 0x5A, 0x00, 0x00, 0x00,
  0x00, 0x00, 0x00, 0x00, 0x9C, 0x00, 0x00, 0x73, 0x00, 0x00, 0x00, 0x00,
  0x00, 0x00, 0x54, 0x00, 0x00, 0x00, 0x00, 0x00, 0x00, 0x00, 0x00, 0x60,
  0x62, 0x00, 0x00, 0xAC, 0x00, 0x00, 0x00, 0x7B, 0x6B, 0xAC, 0x00, 0x00,
  0x00, 0x00, 0x00, 0x50, 0x46, 0x4E, 0x58, 0x00, 0x4D, 0x51, 0x00, 0x72,
  0x55, 0x00, 0x00, 0x00, 0x79, 0x00, 0x00, 0x00, 0x4C, 0x7F, 0xC1, 0x55,
  0x00, 0x00, 0x50, 0x4A, 0x41, 0x00, 0x00, 0xC1, 0x72, 0x00, 0x60, 0xC0,
  0x00, 0x00, 0x00, 0x00, 0x00, 0x00, 0x53, 0x00, 0x00, 0x00, 0x5D, 0x00,
  0x66, 0x00, 0x00, 0x00, 0x00, 0x00, 0x00, 0x00, 0x7F, 0x00, 0x00, 0x00,
  0x56, 0x00, 0x00, 0x00, 0x7A, 0x00, 0x00, 0x53, 0x00, 0x00, 0x00, 0xA7,
  0x00, 0x00, 0x00, 0x00, 0x51, 0x00, 0x00, 0x00, 0x00, 0x62, 0x00, 0xB6,
  0x78, 0xAE, 0x61, 0x00, 0x4F, 0x00, 0x00, 0x00, 0x00, 0x00, 0x00, 0x00,
  0x00, 0x00, 0x00, 0x00, 0x00, 0x76, 0x56, 0x00, 0x00, 0xA9, 0x00, 0x00,
  0x00, 0x00, 0x00, 0x00, 0x00, 0x00, 0x00, 0x00, 0x00, 0x00, 0x00, 0x47,
  0x00, 0xA4, 0x00, 0x00, 0x5E, 0x00, 0x67, 0x00, 0x00, 0x00, 0x74, 0x00,
  0x7F, 0x00, 0x00, 0x00, 0x00, 0x00, 0x62, 0x00, 0x00, 0x00, 0x7A, 0x45,
  0x00, 0x6E, 0x00, 0x00, 0x00, 0x3D, 0x00, 0x00, 0x4B, 0x00, 0xD2, 0x7F,
  0xC9, 0x00, 0x00, 0xCD, 0x00, 0xD4, 0x4A, 0x00, 0x00, 0x45, 0x33, 0x00,
  0x00, 0x00, 0x37, 0x00, 0x00, 0x3D, 0x00, 0x00, 0x57, 0x30, 0x30, 0x00,
  0x98, 0x00, 0x00, 0x3B, 0x44, 0x00, 0x00, 0x00, 0x92, 0x00, 0xAA, 0x00,
  0x3E, 0x00, 0x00, 0xB2, 0x00, 0x7F, 0x00, 0x00, 0x00, 0x00, 0x00, 0xCE,
  0x00, 0xCC, 0x42, 0x00, 0x00, 0x2E, 0xCD, 0x54, 0x00, 0x00, 0xCF, 0x00,
  0x00, 0x00, 0x00, 0x00, 0x00, 0x00, 0x00, 0x00, 0x00, 0x30, 0xC9, 0x40,
  0x00, 0x00, 0xBD, 0x35, 0x00, 0x00, 0x43, 0x00, 0xC4, 0x00, 0x00, 0x00,
  0x00, 0x00, 0x00, 0xBE, 0x00, 0x66, 0x00, 0xC3, 0x83, 0xB7, 0xB9, 0x00,
  0x00, 0x00, 0x00, 0x00, 0x00, 0x00, 0x00, 0x00, 0x00, 0xA2, 0x00, 0x00,
  0x00, 0x4E, 0x00, 0x00, 0x5A, 0xCB, 0x00, 0x00, 0x81, 0x00, 0x00, 0x00,
  0x00, 0x00, 0x00, 0x00, 0xC5, 0xAE, 0x00, 0x00, 0x00, 0x00, 0x00, 0x00,
  0xAE, 0x37, 0xC6, 0x00, 0x4A, 0x68, 0x00, 0x00, 0x00, 0x5D, 0x00, 0x7B,
  0x5C, 0x00, 0x00, 0x00, 0x00, 0x00, 0x00, 0x00, 0x00, 0x79, 0x00, 0x48,
  0x4B, 0x00, 0x00, 0x51, 0x00, 0x00, 0x00, 0x00, 0x7F, 0x69, 0x00, 0x00,
  0x00, 0x00, 0x00, 0x00, 0x00, 0x00, 0x00, 0x00, 0x00, 0x00, 0x70, 0x60,
  0x65, 0x7C, 0x55, 0x5C, 0x00, 0x00, 0x00, 0x4B, 0x00, 0x00, 0x00, 0x00,
  0x00, 0x00, 0x00, 0x00, 0x00, 0x45, 0x77, 0x00, 0x00, 0x00, 0x00, 0x4E,
  0x00, 0x00, 0x00, 0x00, 0x00, 0x00, 0x00, 0x00, 0x7F, 0x00, 0x68, 0x00,
  0x68, 0x6F, 0x00, 0x00, 0x00, 0x00, 0x00, 0x00, 0x00, 0x00, 0x56, 0x58,
  0x00, 0x60, 0x00, 0x00, 0xA9, 0x00, 0x00, 0xB8, 0x00, 0x56, 0xB6, 0x81,
  0xB5, 0x00, 0x00, 0x00, 0x00, 0x00, 0x00, 0x00, 0x00, 0x00, 0x60, 0x00,
  0x00, 0x00, 0x00, 0x9B, 0x00, 0x00, 0x00, 0x00, 0xBE, 0xBE, 0x00, 0x00,
  0xA9, 0x00, 0x00, 0x00, 0x00, 0x00, 0x00, 0x00, 0x00, 0x00, 0xB0, 0x00,
  0xAF, 0x00, 0x98, 0x00, 0x00, 0xCB, 0x00, 0xC9, 0x00, 0x00, 0xB0, 0x95,
  0x00, 0xBE, 0x00, 0x1B, 0xA3, 0x1D, 0x89, 0x00, 0x2A, 0xBD, 0x00, 0x00,
  0x00, 0x00, 0x00, 0x81, 0x00, 0xC6, 0x00, 0x21, 0x00, 0x00, 0x00, 0x00,
  0x2E, 0x00, 0xC3, 0xDF, 0x00, 0x2A, 0xC7, 0x00, 0x27, 0x00, 0x3A, 0x00,
  0xB6, 0x00, 0xAF, 0x2B, 0x00, 0x7F, 0x00, 0x00, 0x00, 0x3C, 0x00, 0x00,
  0x00, 0x00, 0x00, 0x00, 0x00, 0x00, 0x00, 0x00, 0x48, 0x00, 0x00, 0x00,
  0x00, 0x50, 0x00, 0x00, 0x00, 0x49, 0x75, 0x00, 0x00, 0x6C, 0x69, 0x38,
  0x00, 0x00, 0x00, 0x37, 0x00, 0x61, 0x00, 0x00, 0x00, 0x3F, 0x00, 0x39,
  0x00, 0x00, 0x6D, 0xB7, 0x00, 0x00, 0x00, 0x00, 0x00, 0x00, 0x00, 0x7F,
  0x7A, 0x00, 0x5D, 0x00, 0x00, 0x49, 0x61, 0x00, 0x00, 0x00, 0x49, 0x00,
  0x59, 0x00, 0x00, 0x00, 0x00, 0x00, 0x00, 0x00, 0x00, 0x00, 0x00, 0x00,
  0x00, 0x00, 0x00, 0x00, 0x00, 0x00, 0x00, 0x00, 0xB9, 0x00, 0x61, 0xAB,
  0x58, 0x00, 0x00, 0x00, 0x00, 0x00, 0x00, 0x75, 0x00, 0x00, 0x00, 0x00,
  0x00, 0x00, 0x00, 0x00, 0x87, 0x98, 0x00, 0x00, 0x9C, 0x00, 0x00, 0x00,
  0x62, 0x00, 0x00, 0x00, 0x00, 0x00, 0x00, 0x00, 0x87, 0x00, 0x00, 0x81,
  0x00, 0x00, 0x00, 0x00, 0x00, 0x00, 0x6C, 0x00, 0x00, 0x00, 0x00, 0x00,
  0x93, 0x00, 0x92, 0x00, 0x00, 0x00, 0x00, 0x00, 0x00, 0x00, 0x00, 0x00,
  0x00, 0x00, 0x00, 0x52, 0x00, 0x00, 0x00, 0x00, 0x7F, 0x00, 0x00, 0x00,
  0x00, 0x00, 0x00, 0x5C, 0x00, 0x00, 0x59, 0x00, 0x00, 0x00, 0x00, 0x00,
  0x6D, 0x00, 0x00, 0x74, 0x57, 0x00, 0x4D, 0x00, 0x00, 0x00, 0x00, 0x00,
  0x00, 0x00, 0x00, 0x93, 0x6E, 0xEB, 0xFF, 0xFF, 0x04, 0x00, 0x00, 0x00,
  0x40, 0x00, 0x00, 0x00, 0x04, 0xFD, 0xFF, 0xFF, 0x6C, 0xFE, 0xFF, 0xFF,
  0x91, 0xFE, 0xFF, 0xFF, 0x66, 0xFF, 0xFF, 0xFF, 0xAB, 0xFC, 0xFF, 0xFF,
  0x51, 0xFE, 0xFF, 0xFF, 0x35, 0xFF, 0xFF, 0xFF, 0x13, 0xFF, 0xFF, 0xFF,
  0xFF, 0xFD, 0xFF, 0xFF, 0xB5, 0xFE, 0xFF, 0xFF, 0x6F, 0x03, 0x00, 0x00,
  0x36, 0x00, 0x00, 0x00, 0xFE, 0x00, 0x00, 0x00, 0xDD, 0xFE, 0xFF, 0xFF,
  0x76, 0x07, 0x00, 0x00, 0x22, 0x04, 0x00, 0x00, 0xBA, 0xEB, 0xFF, 0xFF,
  0x04, 0x00, 0x00, 0x00, 0x00, 0x03, 0x00, 0x00, 0x2A, 0x4A, 0x00, 0x00,
  0x00, 0x00, 0xD4, 0x00, 0x00, 0x00, 0x00, 0x00, 0x00, 0x00, 0x00, 0x00,
  0x00, 0x00, 0x00, 0x42, 0x00, 0x52, 0xD4, 0x00, 0x35, 0x30, 0xC6, 0x54,
  0x00, 0x29, 0xCF, 0x00, 0x00, 0x00, 0x00, 0x00, 0x00, 0x00, 0x00, 0x00,
  0x2B, 0x00, 0x00, 0x7F, 0x00, 0x00, 0xD4, 0x30, 0x00, 0x28, 0x00, 0x00,
  0x00, 0x00, 0x5D, 0x00, 0x00, 0x00, 0x00, 0xA4, 0x3F, 0x00, 0x00, 0x00,
  0x4F, 0x00, 0x00, 0x00, 0x00, 0x00, 0x00, 0x4F, 0x00, 0x3A, 0xD7, 0x81,
  0x00, 0x48, 0xCC, 0x00, 0x00, 0x24, 0x00, 0x00, 0x43, 0x90, 0x00, 0x00,
  0x37, 0x00, 0x00, 0x00, 0x00, 0x00, 0xC1, 0x00, 0x50, 0x00, 0x6D, 0x00,
  0x00, 0x00, 0x00, 0x00, 0x4E, 0x00, 0x00, 0x00, 0x44, 0x00, 0x50, 0x6D,
  0x00, 0x00, 0x00, 0x00, 0x6E, 0x00, 0x00, 0x00, 0x00, 0x64, 0xA5, 0x5C,
  0x51, 0x00, 0x00, 0x00, 0xB9, 0x00, 0x00, 0x00, 0x00, 0x00, 0x00, 0xA5,
  0x4B, 0x45, 0x00, 0x72, 0x7F, 0x00, 0x00, 0x68, 0x00, 0x00, 0x00, 0x3F,
  0x00, 0x00, 0x00, 0x00, 0x00, 0x45, 0x7F, 0x96, 0x00, 0x00, 0x00, 0x00,
  0x00, 0x00, 0x00, 0x40, 0x00, 0xAC, 0x36, 0x00, 0x00, 0x00, 0x00, 0x00,
  0x00, 0x00, 0x6A, 0x35, 0x00, 0xC0, 0x00, 0xC8, 0x00, 0x00, 0x00, 0x6F,
  0xCB, 0x00, 0x00, 0xA3, 0x46, 0x00, 0x68, 0x51, 0x96, 0x00, 0x00, 0x00,
  0x00, 0x00, 0x00, 0xAF, 0x00, 0x00, 0x00, 0x00, 0x00, 0x00, 0x9A, 0x00,
  0x00, 0x00, 0x00, 0x00, 0x00, 0x51, 0x00, 0x4A, 0xA5, 0x00, 0x00, 0x00,
  0x00, 0xAB, 0x00, 0x87, 0x00, 0x4D, 0xA3, 0x00, 0x00, 0x00, 0x00, 0x00,
  0x00, 0x00, 0x00, 0x00, 0x81, 0x00, 0x00, 0x90, 0x95, 0x00, 0x2F, 0x00,
  0x42, 0x00, 0x00, 0x70, 0x00, 0x00, 0x00, 0x00, 0x37, 0xA5, 0xD1, 0x00,
  0x00, 0x32, 0x00, 0x00, 0x00, 0x00, 0x57, 0x7F, 0xC9, 0x00, 0x00, 0x00,
  0x00, 0x35, 0x00, 0x00, 0x3C, 0x00, 0xD2, 0xC3, 0x00, 0x00, 0x00, 0x3C,
  0x34, 0x00, 0x00, 0xA0, 0xB1, 0x3A, 0x00, 0xB9, 0x50, 0x00, 0x00, 0x00,
  0x00, 0x4F, 0x52, 0x00, 0x00, 0x68, 0x00, 0x00, 0x00, 0x63, 0x00, 0x00,
  0x00, 0x00, 0x63, 0x00, 0x00, 0x00, 0x62, 0x66, 0x00, 0x00, 0x00, 0x00,
  0x00, 0x00, 0x6A, 0x00, 0x00, 0x00, 0x99, 0x00, 0x4D, 0x00, 0x00, 0x7F,
  0xA7, 0x5B, 0x55, 0x00, 0x00, 0x9A, 0x00, 0x00, 0x00, 0x00, 0x00, 0x00,
  0x00, 0x00, 0x00, 0x3E, 0x3A, 0x32, 0x35, 0x00, 0x00, 0x00, 0x97, 0x00,
  0x4A, 0xC8, 0x00, 0x00, 0x00, 0x00, 0x00, 0x00, 0x00, 0x00, 0xB5, 0x8D,
  0x00, 0x00, 0x00, 0x00, 0x54, 0x00, 0x00, 0x00, 0x48, 0xB1, 0x52, 0x00,
  0x00, 0x3F, 0x00, 0x81, 0x00, 0x40, 0x00, 0x00, 0x00, 0x00, 0x00, 0xB8,
  0x00, 0xA7, 0x00, 0x00, 0x00, 0x00, 0x00, 0x00, 0xC0, 0x46, 0x00, 0x00,
  0x00, 0xBD, 0xB7, 0x00, 0x00, 0x00, 0xBB, 0x00, 0xB4, 0x00, 0xB7, 0x37,
  0x00, 0x81, 0x00, 0xC2, 0x00, 0x00, 0x00, 0xBA, 0x00, 0x00, 0x00, 0xAA,
  0x00, 0x00, 0x00, 0x00, 0x00, 0x5E, 0x00, 0x00, 0x00, 0x00, 0x79, 0x00,
  0x00, 0x00, 0x70, 0x00, 0x00, 0x00, 0x00, 0x00, 0x70, 0x76, 0xA2, 0x00,
  0x00, 0x00, 0x00, 0x54, 0x6C, 0x00, 0x00, 0x00, 0x57, 0x5E, 0x00, 0x00,
  0x00, 0x7F, 0x00, 0x00, 0x00, 0x00, 0x62, 0x76, 0x00, 0x00, 0x00, 0x00,
  0x7F, 0x50, 0x00, 0xB1, 0x00, 0x00, 0xAA, 0x00, 0x5E, 0x00, 0x7F, 0x00,
  0x7F, 0x00, 0x00, 0x00, 0x00, 0x00, 0x00, 0x00, 0x49, 0x7D, 0x00, 0x00,
  0x43, 0x00, 0x00, 0x00, 0x00, 0x00, 0x00, 0x00, 0x00, 0x00, 0xAF, 0x00,
  0x00, 0x00, 0x00, 0x00, 0x6A, 0x00, 0x00, 0x68, 0x00, 0x00, 0x00, 0x00,
  0x60, 0x00, 0x00, 0x00, 0x00, 0x7B, 0x00, 0x00, 0x00, 0x00, 0xA1, 0x00,
  0x64, 0x00, 0x96, 0x00, 0x00, 0xA7, 0x00, 0x00, 0x00, 0x00, 0x00, 0x00,
  0x00, 0x00, 0x91, 0x9F, 0x00, 0x00, 0xA5, 0x00, 0x9C, 0x00, 0x00, 0x00,
  0x00, 0x00, 0x00, 0x00, 0x00, 0x00, 0x00, 0x00, 0x00, 0x00, 0x00, 0x00,
  0x00, 0x00, 0x00, 0x00, 0x81, 0x00, 0x00, 0x95, 0x00, 0x54, 0x00, 0x90,
  0x00, 0x9B, 0x00, 0x9F, 0x00, 0x00, 0x00, 0x00, 0x00, 0x00, 0x00, 0xA9,
  0xAA, 0xA3, 0xAC, 0x00, 0xA3, 0x8D, 0x00, 0x00, 0x00, 0x85, 0x00, 0x00,
  0xAD, 0x00, 0x00, 0x00, 0x00, 0x00, 0x00, 0x00, 0x00, 0x81, 0x00, 0x00,
  0x00, 0x00, 0x5F, 0x00, 0x00, 0x00, 0x00, 0x00, 0x00, 0x00, 0x65, 0xA7,
  0x00, 0x71, 0x00, 0x00, 0x00, 0x00, 0x00, 0xA3, 0x00, 0x00, 0x00, 0x00,
  0x54, 0x00, 0x61, 0x00, 0x8A, 0x7F, 0x00, 0x8C, 0x00, 0x00, 0x00, 0x00,
  0x00, 0x00, 0x00, 0x00, 0x00, 0x00, 0x00, 0x00, 0x00, 0x00, 0x00, 0x00,
  0x00, 0x4F, 0x00, 0x00, 0x00, 0x71, 0x00, 0x00, 0x00, 0x00, 0x00, 0x00,
  0x33, 0x00, 0x43, 0x00, 0x00, 0x00, 0x00, 0x00, 0x36, 0xBF, 0xC8, 0x00,
  0x62, 0x00, 0xC8, 0xCC, 0x00, 0x00, 0x00, 0x00, 0x00, 0x00, 0x00, 0x81,
  0x00, 0x39, 0x00, 0x00, 0x00, 0x00, 0x00, 0x00, 0x3C, 0x00, 0x00, 0x00,
  0x00, 0x4D, 0x00, 0x00, 0x00, 0x00, 0x00, 0xBB, 0x00, 0x00, 0x48, 0x00,
  0x66, 0x7F, 0x64, 0x00, 0x00, 0x64, 0x4C, 0x00, 0x00, 0x56, 0x00, 0x00,
  0x00, 0x00, 0x64, 0x00, 0x00, 0x00, 0x4C, 0x00, 0x00, 0x00, 0x00, 0x00,
  0x00, 0x73, 0xB6, 0x00, 0x00, 0x00, 0x00, 0x00, 0x62, 0x00, 0x00, 0x00,
  0x00, 0x62, 0x00, 0x00, 0x00, 0x00, 0x00, 0x00, 0xC6, 0xEE, 0xFF, 0xFF,
  0x04, 0x00, 0x00, 0x00, 0x40, 0x00, 0x00, 0x00, 0x3A, 0xFF, 0xFF, 0xFF,
  0x46, 0xFE, 0xFF, 0xFF, 0xF2, 0x02, 0x00, 0x00, 0xA6, 0x03, 0x00, 0x00,
  0x4E, 0xFE, 0xFF, 0xFF, 0xC9, 0xFF, 0xFF, 0xFF, 0x41, 0x02, 0x00, 0x00,
  0x56, 0xFD, 0xFF, 0xFF, 0xAA, 0xFF, 0xFF, 0xFF, 0x81, 0xFF, 0xFF, 0xFF,
  0x7C, 0xFE, 0xFF, 0xFF, 0x2F, 0xFF, 0xFF, 0xFF, 0xF5, 0xFD, 0xFF, 0xFF,
  0xF3, 0xFD, 0xFF, 0xFF, 0xAE, 0xFD, 0xFF, 0xFF, 0xD8, 0xFE, 0xFF, 0xFF,
  0x12, 0xEF, 0xFF, 0xFF, 0x04, 0x00, 0x00, 0x00, 0x00, 0x03, 0x00, 0x00,
  0x00, 0x00, 0x00, 0x7F, 0x00, 0x00, 0x00, 0x00, 0x00, 0x00, 0x00, 0x5E,
  0x00, 0x00, 0x00, 0x00, 0x00, 0x00, 0x00, 0x00, 0x00, 0x48, 0xBE, 0x00,
  0x00, 0xB8, 0x00, 0x4F, 0x00, 0x00, 0x00, 0x00, 0xA0, 0x00, 0x44, 0x43,
  0x00, 0x00, 0x00, 0x00, 0xA8, 0xAE, 0x00, 0x67, 0x00, 0x00, 0x00, 0x99,
  0x00, 0x52, 0x00, 0x00, 0x00, 0x00, 0x00, 0x65, 0x70, 0x00, 0x4B, 0x00,
  0x00, 0x00, 0x41, 0x4A, 0x00, 0x00, 0x00, 0x4A, 0x4C, 0x00, 0x00, 0x00,
  0x00, 0x00, 0x00, 0x00, 0x00, 0x7F, 0x00, 0x72, 0x00, 0x00, 0x00, 0x00,
  0x00, 0x00, 0x00, 0x00, 0x00, 0x6E, 0x00, 0x00, 0x6C, 0x00, 0x00, 0x61,
  0x66, 0x00, 0x00, 0x00, 0x00, 0x00, 0x00, 0x00, 0x00, 0x00, 0x00, 0x00,
  0x00, 0x00, 0xA8, 0x00, 0x00, 0x00, 0x82, 0x00, 0x00, 0x00, 0x90, 0x00,
  0x00, 0x00, 0x00, 0x00, 0x00, 0x00, 0x00, 0x88, 0x00, 0x00, 0x81, 0x5E,
  0x00, 0x00, 0x00, 0x00, 0x00, 0x00, 0x00, 0x00, 0x00, 0x00, 0x00, 0x57,
  0x00, 0x00, 0x00, 0x64, 0x00, 0x00, 0x00, 0x94, 0x00, 0x00, 0x00, 0x00,
  0x00, 0x00, 0x00, 0x8D, 0x00, 0x58, 0x00, 0x74, 0x00, 0x00, 0x00, 0x00,
  0x00, 0x00, 0x81, 0x68, 0x00, 0x00, 0x00, 0x00, 0x00, 0x00, 0x00, 0x00,
  0x9F, 0x00, 0x00, 0x00, 0x7E, 0x5A, 0xA9, 0x00, 0x00, 0x00, 0x00, 0x00,
  0x00, 0x00, 0x00, 0x00, 0xC7, 0x00, 0x00, 0x00, 0x00, 0x00, 0x2F, 0xDA,
  0x00, 0x00, 0x00, 0x00, 0x00, 0x00, 0x00, 0x00, 0x00, 0x2A, 0x00, 0x28,
  0x00, 0x00, 0x00, 0x00, 0x00, 0x00, 0x2C, 0x00, 0x00, 0x7F, 0x00, 0x00,
  0x00, 0x2B, 0x00, 0x29, 0x00, 0x00, 0x00, 0x00, 0x00, 0x00, 0x00, 0x00,
  0x00, 0x00, 0x00, 0x00, 0x96, 0x00, 0x00, 0x00, 0x00, 0x00, 0x00, 0x00,
  0x49, 0xA7, 0x9D, 0x00, 0x00, 0x9C, 0x00, 0x00, 0x00, 0x00, 0x5F, 0x00,
  0x00, 0xAB, 0x00, 0x7F, 0x00, 0x00, 0x00, 0x00, 0x00, 0x00, 0x00, 0x5C,
  0x93, 0x00, 0x00, 0x81, 0x00, 0x8A, 0xB1, 0x00, 0x00, 0x00, 0x00, 0x00,
  0x00, 0xA4, 0x00, 0x00, 0x00, 0x00, 0x00, 0x00, 0x00, 0x8E, 0x00, 0x00,
  0x00, 0x00, 0x00, 0x00, 0x00, 0x00, 0x9D, 0x00, 0xA1, 0x00, 0x00, 0x00,
  0x00, 0x00, 0x00, 0x81, 0x00, 0x00, 0x00, 0x00, 0x00, 0xA5, 0x00, 0x00,
  0x00, 0x00, 0x00, 0x00, 0xA1, 0x00, 0x00, 0x00, 0x00, 0x00, 0x00, 0x00,
  0x00, 0x92, 0x5F, 0x4E, 0x00, 0x00, 0x00, 0x00, 0x00, 0x44, 0x00, 0x00,
  0x4E, 0x00, 0x00, 0x00, 0x7F, 0x00, 0x5A, 0x43, 0x00, 0x00, 0x00, 0x00,
  0x79, 0x65, 0x00, 0x00, 0x00, 0x60, 0x00, 0x45, 0x00, 0x00, 0x00, 0x00,
  0x00, 0x00, 0x00, 0x00, 0x00, 0x5C, 0x66, 0x42, 0x00, 0x00, 0x00, 0x00,
  0x00, 0x4A, 0x00, 0x59, 0x00, 0x00, 0x00, 0x00, 0x00, 0xC2, 0x00, 0x00,
  0x00, 0x00, 0x00, 0x00, 0x00, 0x58, 0x00, 0x50, 0x00, 0x40, 0x00, 0x58,
  0x00, 0xB9, 0x00, 0x00, 0x00, 0x00, 0x00, 0x00, 0x00, 0x7F, 0x00, 0x00,
  0x00, 0x00, 0x00, 0x00, 0x00, 0x00, 0x37, 0x37, 0xC1, 0x00, 0x00, 0x00,
  0xBF, 0x00, 0x00, 0x7C, 0x00, 0x3D, 0x00, 0x00, 0x00, 0x00, 0x00, 0x42,
  0xBC, 0xBC, 0x00, 0x00, 0x00, 0x7F, 0x00, 0x5E, 0xBD, 0x67, 0x4D, 0x00,
  0x3F, 0x43, 0x4A, 0x56, 0x00, 0x00, 0x00, 0xAD, 0x8B, 0x00, 0x00, 0x79,
  0x00, 0x00, 0x00, 0xB3, 0x00, 0x00, 0x00, 0x00, 0xC1, 0x00, 0x00, 0x00,
  0x75, 0x00, 0x00, 0x00, 0x6E, 0x56, 0x00, 0x00, 0x63, 0x00, 0x00, 0x00,
  0x00, 0x7F, 0x00, 0x63, 0x00, 0x00, 0x00, 0x00, 0x00, 0x00, 0x00, 0x00,
  0x78, 0x75, 0x67, 0x00, 0x6F, 0x00, 0x44, 0x5F, 0x00, 0x00, 0x00, 0x00,
  0x00, 0x00, 0x00, 0x00, 0x00, 0x00, 0x6D, 0x00, 0x65, 0x00, 0x00, 0x00,
  0x00, 0x00, 0x00, 0x00, 0x00, 0x00, 0x00, 0x00, 0x7F, 0x00, 0x00, 0x00,
  0x65, 0x4E, 0x69, 0x46, 0x00, 0x40, 0x00, 0x00, 0x66, 0x00, 0x00, 0x00,
  0x00, 0x68, 0x00, 0x00, 0x59, 0x78, 0x00, 0x57, 0x00, 0xA9, 0x00, 0x00,
  0x00, 0x00, 0x00, 0x00, 0x00, 0x00, 0x00, 0x00, 0x00, 0x00, 0x00, 0x6A,
  0x00, 0x00, 0x00, 0xAD, 0x51, 0xA3, 0x00, 0x00, 0x4F, 0x00, 0x00, 0x00,
  0x78, 0x64, 0x48, 0x00, 0x55, 0x00, 0x54, 0x48, 0x00, 0x00, 0x00, 0x4D,
  0x61, 0x00, 0x00, 0x00, 0x7F, 0x00, 0x00, 0x5D, 0x7F, 0xA8, 0x00, 0x00,
  0x4D, 0x00, 0x00, 0x00, 0x00, 0x5D, 0x00, 0x00, 0x5D, 0x00, 0x00, 0x48,
  0x00, 0x81, 0x00, 0x4C, 0x00, 0x00, 0x50, 0x00, 0x00, 0xBF, 0x00, 0x52,
  0x48, 0xBB, 0x9C, 0x49, 0x00, 0x00, 0x00, 0x00, 0x55, 0x00, 0x4E, 0x00,
  0x00, 0x00, 0x00, 0x00, 0x00, 0xBA, 0x00, 0x4C, 0x64, 0x98, 0x75, 0x54,
  0x00, 0x00, 0x00, 0x00, 0x72, 0x00, 0x42, 0x72, 0x00, 0x64, 0x00, 0x55,
  0x00, 0x6C, 0xCB, 0x00, 0x2A, 0x00, 0xD4, 0x2D, 0x00, 0xDB, 0x00, 0xC8,
  0x00, 0xDA, 0x41, 0xCD, 0x00, 0x7D, 0x00, 0x00, 0x00, 0x36, 0x00, 0x00,
  0x00, 0x3A, 0x00, 0x00, 0x00, 0x00, 0x00, 0x00, 0x00, 0x7F, 0x00, 0x2C,
  0xD4, 0x49, 0x32, 0x3E, 0x00, 0x00, 0x00, 0xDB, 0x00, 0x00, 0x53, 0x00,
  0x5C, 0x00, 0x00, 0x00, 0x00, 0x87, 0x96, 0x5B, 0x00, 0x55, 0x00, 0x00,
  0x00, 0xA7, 0x00, 0x98, 0x00, 0x89, 0xA4, 0x00, 0x56, 0x00, 0x00, 0x62,
  0x00, 0x9E, 0xA4, 0x00, 0x00, 0x00, 0x00, 0x55, 0x9E, 0x8C, 0x81, 0xA1,
  0xA0, 0x00, 0x00, 0x00, 0x5A, 0x5F, 0x00, 0x5F, 0x99, 0x00, 0x00, 0x86,
  0x14, 0xAC, 0xFF, 0xFF, 0x18, 0xAC, 0xFF, 0xFF, 0x1C, 0xAC, 0xFF, 0xFF,
  0x2A, 0xF2, 0xFF, 0xFF, 0x04, 0x00, 0x00, 0x00, 0x40, 0x00, 0x00, 0x00,
  0x00, 0x00, 0x00, 0x00, 0x00, 0x00, 0x00, 0x00, 0x00, 0x00, 0x00, 0x00,
  0x00, 0x00, 0x00, 0x00, 0x00, 0x00, 0x00, 0x00, 0x00, 0x00, 0x00, 0x00,
  0x00, 0x00, 0x00, 0x00, 0x00, 0x00, 0x00, 0x00, 0x00, 0x00, 0x00, 0x00,
  0x00, 0x00, 0x00, 0x00, 0x00, 0x00, 0x00, 0x00, 0x00, 0x00, 0x00, 0x00,
  0x00, 0x00, 0x00, 0x00, 0x00, 0x00, 0x00, 0x00, 0x00, 0x00, 0x00, 0x00,
  0x00, 0x00, 0x00, 0x00, 0x76, 0xF2, 0xFF, 0xFF, 0x04, 0x00, 0x00, 0x00,
  0x10, 0x00, 0x00, 0x00, 0x53, 0xA6, 0xED, 0x3E, 0x92, 0x46, 0xF8, 0xE8,
  0x35, 0x6F, 0xB5, 0xD4, 0xAF, 0x7F, 0x80, 0xE5, 0x92, 0xF2, 0xFF, 0xFF,
  0x04, 0x00, 0x00, 0x00, 0x00, 0x03, 0x00, 0x00, 0x00, 0x42, 0x00, 0xBF,
  0x00, 0x00, 0x00, 0x00, 0x00, 0x91, 0x00, 0x3B, 0x6A, 0x5A, 0x00, 0x00,
  0x00, 0x00, 0xC1, 0xC4, 0x00, 0x00, 0xBD, 0x00, 0x00, 0x90, 0x60, 0x00,
  0x6C, 0x00, 0x93, 0x00, 0x3D, 0x00, 0x00, 0x00, 0xC4, 0x00, 0x00, 0x49,
  0x00, 0x00, 0x50, 0x5E, 0x00, 0x00, 0x81, 0x00, 0x00, 0xAE, 0x00, 0x00,
  0x00, 0x00, 0x00, 0x00, 0x00, 0x6A, 0x00, 0x00, 0x00, 0x00, 0x00, 0x00,
  0x00, 0x00, 0x00, 0x00, 0x00, 0x00, 0x00, 0x00, 0x00, 0x00, 0x00, 0xAD,
  0x81, 0x00, 0x82, 0x00, 0x00, 0x00, 0x00, 0x00, 0x00, 0x00, 0x94, 0x00,
  0xAE, 0x00, 0xA5, 0x00, 0x00, 0x00, 0x00, 0x00, 0x00, 0x00, 0x00, 0x00,
  0x00, 0x00, 0x71, 0xA0, 0x00, 0x00, 0x88, 0x94, 0x00, 0xA4, 0x00, 0x72,
  0x9F, 0x00, 0x00, 0x00, 0x00, 0x00, 0x00, 0xA3, 0x00, 0x00, 0x00, 0x00,
  0x00, 0x00, 0x00, 0x00, 0x00, 0x00, 0x00, 0x00, 0x85, 0x00, 0x7F, 0x68,
  0x00, 0x00, 0x00, 0x00, 0x00, 0x77, 0x00, 0x00, 0x4E, 0x00, 0x00, 0x00,
  0x00, 0x49, 0xBF, 0x00, 0x43, 0x7F, 0x43, 0x00, 0xB8, 0x00, 0x00, 0x00,
  0x59, 0x00, 0x00, 0x53, 0x00, 0x00, 0xB9, 0x00, 0x00, 0x4F, 0x00, 0xBD,
  0x00, 0x00, 0xBA, 0x00, 0x58, 0xB5, 0x00, 0x44, 0x00, 0x00, 0x46, 0x00,
  0x4B, 0x00, 0x00, 0xB3, 0x00, 0x00, 0x6C, 0xC3, 0x49, 0x00, 0xB6, 0x48,
  0x00, 0x00, 0x00, 0x00, 0x00, 0x00, 0x00, 0x00, 0x00, 0x00, 0x00, 0x00,
  0x00, 0x00, 0x00, 0x00, 0x00, 0x00, 0x00, 0x00, 0x00, 0x49, 0x00, 0x00,
  0xB2, 0xBA, 0x00, 0x3F, 0xBE, 0x00, 0xB3, 0x00, 0x62, 0x00, 0xB8, 0x00,
  0x5E, 0x00, 0x48, 0x00, 0x00, 0x00, 0x7F, 0xC0, 0x00, 0x4C, 0xAC, 0x00,
  0x00, 0x00, 0x00, 0x00, 0x00, 0x6E, 0x00, 0x00, 0xA2, 0x00, 0x00, 0x54,
  0x7F, 0x00, 0x00, 0x00, 0x00, 0x00, 0x00, 0x00, 0x00, 0x00, 0x00, 0x00,
  0x00, 0x00, 0x61, 0x00, 0x00, 0x00, 0x00, 0x73, 0x00, 0x00, 0x00, 0x00,
  0x00, 0x4F, 0xB7, 0x00, 0x00, 0x00, 0x5B, 0xB7, 0x00, 0x00, 0x00, 0x39,
  0x00, 0x00, 0x00, 0x40, 0x00, 0xBC, 0x00, 0x7F, 0x39, 0x00, 0x00, 0x00,
  0x00, 0x00, 0x00, 0x00, 0x00, 0x9E, 0x00, 0x63, 0xBD, 0x00, 0x5B, 0x6D,
  0x00, 0x00, 0x00, 0x53, 0x00, 0x60, 0x00, 0x00, 0x00, 0x00, 0x00, 0x49,
  0x00, 0xBD, 0x5E, 0x00, 0x00, 0x55, 0x00, 0x00, 0x00, 0x00, 0x00, 0x00,
  0x49, 0x00, 0x00, 0x4C, 0x00, 0x00, 0x00, 0x00, 0x37, 0x00, 0x74, 0x00,
  0x00, 0x00, 0x00, 0x00, 0x00, 0x00, 0x36, 0x43, 0x00, 0x00, 0x38, 0x00,
  0x00, 0x00, 0x7F, 0x00, 0x00, 0x00, 0xC3, 0xC5, 0x00, 0xB3, 0x00, 0xC8,
  0x00, 0x00, 0x3B, 0x00, 0xC8, 0xB4, 0x5B, 0x00, 0x63, 0x4D, 0x00, 0x00,
  0x00, 0x8B, 0x00, 0x00, 0x57, 0x4C, 0xAA, 0x00, 0x00, 0x00, 0x7F, 0x00,
  0x00, 0x5B, 0x00, 0x00, 0x4D, 0x00, 0x00, 0x00, 0x00, 0x5F, 0x00, 0x4C,
  0x00, 0x00, 0x00, 0xB6, 0x00, 0x00, 0xB5, 0x00, 0x4F, 0x8E, 0x53, 0xA6,
  0x00, 0x52, 0x00, 0x00, 0x00, 0x00, 0x00, 0x00, 0x5F, 0x00, 0x41, 0x4F,
  0x00, 0x00, 0x00, 0x00, 0x00, 0x51, 0x00, 0x45, 0x00, 0x00, 0x7F, 0x00,
  0x00, 0x00, 0x00, 0x00, 0x00, 0x8B, 0x00, 0x00, 0x64, 0x59, 0xBD, 0x00,
  0x00, 0x00, 0x00, 0x00, 0x00, 0x4A, 0x00, 0x00, 0x00, 0x00, 0x44, 0x00,
  0x5D, 0x57, 0x00, 0x00, 0x00, 0x00, 0x00, 0x00, 0x00, 0x41, 0x31, 0x00,
  0x00, 0x00, 0x00, 0x00, 0xC5, 0xB8, 0x00, 0x41, 0x4B, 0x00, 0x61, 0x00,
  0x00, 0x00, 0xD1, 0x00, 0x40, 0x00, 0x00, 0x3E, 0x00, 0x00, 0x4C, 0x53,
  0x00, 0x00, 0x7F, 0x00, 0x00, 0x4B, 0x00, 0x00, 0x34, 0x00, 0x00, 0x00,
  0x00, 0x00, 0x44, 0x00, 0x49, 0x00, 0x00, 0x00, 0x00, 0x00, 0x00, 0x00,
  0x3E, 0x00, 0x00, 0x41, 0x39, 0x00, 0xBF, 0x00, 0x00, 0x5F, 0xA9, 0xC1,
  0x3E, 0x00, 0x00, 0x55, 0xBD, 0x58, 0x00, 0x00, 0x48, 0x7F, 0x00, 0xB6,
  0xC5, 0x00, 0x00, 0x00, 0x58, 0xAC, 0x00, 0x00, 0x00, 0x00, 0x00, 0x00,
  0x45, 0x00, 0xC0, 0x00, 0x00, 0x58, 0x00, 0x00, 0x00, 0x00, 0x00, 0x00,
  0x00, 0x4B, 0x00, 0x00, 0x00, 0x00, 0x00, 0x00, 0x00, 0x00, 0xAB, 0x00,
  0x50, 0x00, 0x44, 0x00, 0x00, 0x00, 0x00, 0x4C, 0x00, 0x57, 0x00, 0xB6,
  0x00, 0x00, 0x00, 0x00, 0x00, 0x00, 0x00, 0x50, 0x00, 0x00, 0xA7, 0x00,
  0x00, 0x7F, 0x00, 0x00, 0x00, 0x00, 0xB8, 0x46, 0xC1, 0x00, 0x00, 0x00,
  0x00, 0x00, 0x00, 0x00, 0x59, 0x00, 0x00, 0x00, 0x00, 0xB9, 0x00, 0x00,
  0x00, 0x36, 0x00, 0x00, 0x00, 0x00, 0x00, 0x00, 0x00, 0x00, 0x00, 0x00,
  0x00, 0x00, 0x7F, 0x00, 0x3A, 0x00, 0x00, 0x00, 0x00, 0x00, 0xC7, 0x00,
  0x4B, 0x00, 0x00, 0x00, 0x00, 0x00, 0x75, 0x00, 0x00, 0x00, 0x00, 0x00,
  0x00, 0x00, 0x00, 0x83, 0xA0, 0x00, 0xA8, 0x00, 0x00, 0x00, 0xA7, 0x00,
  0x00, 0x00, 0x00, 0x00, 0x00, 0x00, 0x58, 0x00, 0x5C, 0x81, 0x00, 0x00,
  0x00, 0x00, 0x00, 0xA6, 0x00, 0x9A, 0x9A, 0x00, 0x00, 0x00, 0x00, 0x00,
  0x8B, 0x00, 0x00, 0x00, 0x00, 0xA6, 0x6A, 0x00, 0x00, 0x00, 0x00, 0x00,
  0x00, 0xC7, 0x00, 0x00, 0x00, 0xD0, 0x00, 0x00, 0xBB, 0x00, 0x00, 0xC8,
  0x00, 0x00, 0xC6, 0x00, 0x00, 0x00, 0x00, 0x00, 0x00, 0x00, 0x00, 0xCC,
  0x00, 0x00, 0x00, 0x32, 0xBB, 0x00, 0x00, 0x00, 0x00, 0x00, 0xCB, 0x00,
  0x5D, 0x00, 0x00, 0x00, 0x00, 0x32, 0x7F, 0xCD, 0x9E, 0xF5, 0xFF, 0xFF,
  0x04, 0x00, 0x00, 0x00, 0x10, 0x00, 0x00, 0x00, 0xEA, 0x21, 0x02, 0x3A,
  0xD8, 0x74, 0xFB, 0xB0, 0xF0, 0xDD, 0xB1, 0x7F, 0x42, 0x80, 0xE2, 0xAA,
  0xBA, 0xF5, 0xFF, 0xFF, 0x04, 0x00, 0x00, 0x00, 0x00, 0x03, 0x00, 0x00,
  0x00, 0x00, 0x00, 0x00, 0x00, 0x56, 0x52, 0x00, 0x00, 0x00, 0x79, 0x00,
  0x00, 0x00, 0x00, 0x00, 0x00, 0x00, 0x5F, 0x9E, 0x00, 0x00, 0x7F, 0x00,
  0x00, 0x00, 0x00, 0x00, 0x00, 0x00, 0x00, 0x00, 0x6A, 0x00, 0x00, 0x00,
  0x54, 0xB3, 0x00, 0x8C, 0x00, 0x55, 0x00, 0x00, 0x57, 0x00, 0x00, 0x00,
  0x81, 0x00, 0x00, 0x00, 0xAE, 0xB1, 0x00, 0x8A, 0x00, 0xA8, 0x00, 0x5C,
  0x00, 0x00, 0x00, 0x00, 0x00, 0x00, 0x00, 0x00, 0x7E, 0x9D, 0x00, 0x00,
  0x00, 0x00, 0x91, 0x00, 0x00, 0x78, 0x00, 0x52, 0x00, 0x00, 0x00, 0x00,
  0x00, 0x00, 0x00, 0x00, 0x4E, 0x4F, 0x63, 0x00, 0x00, 0x00, 0x00, 0x00,
  0x6E, 0xB7, 0x00, 0x44, 0x00, 0x00, 0x7F, 0x00, 0x00, 0x00, 0x4B, 0x00,
  0x00, 0x00, 0x5E, 0x00, 0x00, 0x46, 0x00, 0x00, 0x5F, 0x46, 0x6F, 0x00,
  0x00, 0x5C, 0x00, 0x9F, 0x00, 0x00, 0x00, 0x00, 0x6C, 0x00, 0x00, 0x00,
  0x00, 0x00, 0x55, 0x5C, 0x00, 0x00, 0x6C, 0xAA, 0x00, 0x00, 0x00, 0x00,
  0x00, 0x00, 0x5B, 0x7F, 0x00, 0x00, 0x00, 0x00, 0x00, 0x00, 0xA1, 0x00,
  0x4F, 0x00, 0xB2, 0x00, 0x00, 0x00, 0x00, 0x51, 0x00, 0x64, 0x00, 0x00,
  0x54, 0x00, 0x00, 0x00, 0x5D, 0x00, 0x00, 0x5E, 0xA8, 0x00, 0x3C, 0x00,
  0x00, 0x00, 0x00, 0x70, 0x45, 0x58, 0x00, 0x41, 0x00, 0x00, 0x51, 0x00,
  0x00, 0x00, 0x00, 0x00, 0x00, 0x00, 0x00, 0x00, 0x00, 0x00, 0x00, 0x00,
  0x00, 0x00, 0xAD, 0x00, 0x89, 0x00, 0x00, 0x00, 0x00, 0xA5, 0x00, 0x00,
  0xAC, 0x00, 0x00, 0x00, 0x00, 0x00, 0x00, 0x00, 0x00, 0x00, 0x00, 0x00,
  0x7F, 0x4E, 0x00, 0x00, 0x00, 0x64, 0x00, 0xA3, 0x5B, 0x00, 0x00, 0x71,
  0xA4, 0x00, 0x00, 0x74, 0x00, 0x00, 0x97, 0xB1, 0x00, 0x00, 0x00, 0x00,
  0x00, 0x00, 0x00, 0x00, 0x00, 0x7F, 0x00, 0x79, 0x69, 0x00, 0x9F, 0x7E,
  0xB4, 0x7A, 0x00, 0x00, 0x00, 0x00, 0x00, 0x00, 0x00, 0x00, 0x59, 0x00,
  0x00, 0x79, 0x00, 0x00, 0x00, 0x57, 0x00, 0x7F, 0x00, 0x7C, 0x00, 0x00,
  0x00, 0x68, 0x00, 0x00, 0x00, 0x00, 0xD2, 0x00, 0xC8, 0x00, 0x00, 0x00,
  0x00, 0x00, 0x00, 0x00, 0xC4, 0x00, 0x00, 0x00, 0x00, 0x00, 0x00, 0x52,
  0x00, 0x00, 0x00, 0x00, 0x00, 0x3B, 0x00, 0x45, 0x00, 0x7F, 0x00, 0x00,
  0x00, 0x31, 0x00, 0x62, 0x36, 0x44, 0x37, 0xD1, 0xD8, 0x00, 0x3B, 0x00,
  0x56, 0x00, 0x00, 0x00, 0x00, 0x00, 0x00, 0x00, 0x00, 0x50, 0x00, 0x00,
  0x00, 0x00, 0x00, 0x00, 0x4E, 0x00, 0x00, 0x00, 0x8F, 0x00, 0x5A, 0x00,
  0x00, 0xA2, 0x00, 0x00, 0x00, 0x00, 0x00, 0xAC, 0xA9, 0x00, 0xAE, 0x00,
  0x00, 0x00, 0x91, 0x00, 0x00, 0x00, 0x81, 0x00, 0x00, 0x00, 0x00, 0x00,
  0x85, 0x00, 0x00, 0x95, 0x00, 0x00, 0x00, 0x00, 0x00, 0x00, 0x81, 0x00,
  0x93, 0x00, 0x00, 0x00, 0x00, 0x00, 0x00, 0x00, 0x00, 0xC8, 0x00, 0x00,
  0xC5, 0x00, 0xCA, 0x00, 0x00, 0x00, 0x00, 0x4E, 0x00, 0x00, 0x00, 0x00,
  0x4D, 0x00, 0x00, 0x00, 0x00, 0x65, 0x00, 0x00, 0x45, 0x00, 0x00, 0x00,
  0x59, 0x00, 0xB2, 0x00, 0x5A, 0x00, 0x00, 0x00, 0x00, 0xB4, 0xB5, 0x58,
  0x00, 0xB4, 0x00, 0x60, 0x7F, 0x00, 0x00, 0x9C, 0x5F, 0x00, 0x67, 0x00,
  0x5C, 0x00, 0x00, 0x00, 0x00, 0x00, 0x00, 0x00, 0x00, 0x00, 0x7D, 0x8E,
  0x00, 0x00, 0x00, 0x00, 0x58, 0x00, 0x00, 0x00, 0x00, 0xA1, 0x57, 0x00,
  0x00, 0x00, 0x00, 0x00, 0x00, 0x00, 0x00, 0x9B, 0x00, 0x52, 0x00, 0x00,
  0x59, 0x91, 0x00, 0x97, 0x00, 0x98, 0x54, 0x00, 0x00, 0x00, 0xA6, 0x81,
  0x00, 0x00, 0x00, 0x00, 0x8E, 0x00, 0x9E, 0x00, 0x00, 0x00, 0x69, 0x90,
  0x00, 0x00, 0x55, 0x00, 0x00, 0x00, 0x00, 0x00, 0x00, 0x00, 0x00, 0xAD,
  0x58, 0x81, 0x00, 0xCD, 0x00, 0x00, 0xCD, 0xAA, 0x00, 0x00, 0x00, 0x00,
  0x00, 0x00, 0x00, 0x00, 0x00, 0x00, 0x00, 0x00, 0x3D, 0x33, 0x3F, 0x00,
  0x00, 0x32, 0x00, 0x00, 0x00, 0xBE, 0x00, 0x00, 0x00, 0x00, 0x35, 0xB4,
  0x00, 0x00, 0x00, 0x00, 0x39, 0x39, 0x00, 0x00, 0x00, 0xC8, 0x00, 0x00,
  0x00, 0x9B, 0x00, 0x7F, 0xAF, 0x62, 0x6B, 0x99, 0x00, 0x00, 0x00, 0x00,
  0x00, 0xA1, 0xB2, 0x00, 0x4B, 0x00, 0x00, 0x68, 0x00, 0x5F, 0x00, 0x95,
  0x5C, 0x00, 0x4A, 0x73, 0x5C, 0xA9, 0x00, 0x00, 0x00, 0x00, 0x00, 0x00,
  0x00, 0x53, 0x00, 0x00, 0x00, 0x00, 0x00, 0x4F, 0x00, 0x00, 0x00, 0x00,
  0x5F, 0x7F, 0x00, 0x00, 0x00, 0x00, 0x00, 0x00, 0x00, 0x00, 0x00, 0x00,
  0x00, 0x00, 0x00, 0x00, 0x00, 0xA5, 0xBF, 0x00, 0x00, 0x00, 0x00, 0x63,
  0x00, 0x00, 0x00, 0x9E, 0x4C, 0x00, 0x00, 0x00, 0xAA, 0x00, 0x00, 0x66,
  0x00, 0x00, 0x00, 0xAB, 0x00, 0x00, 0xAB, 0x00, 0x00, 0x00, 0x00, 0xB7,
  0x00, 0x50, 0x00, 0x7F, 0x00, 0x00, 0x00, 0xB1, 0x52, 0xBE, 0x00, 0x00,
  0x00, 0xBB, 0x00, 0x00, 0xAE, 0x00, 0x00, 0x00, 0x00, 0x5C, 0x00, 0x00,
  0x00, 0x00, 0xA0, 0x00, 0x00, 0x00, 0x00, 0x00, 0x00, 0x7A, 0x00, 0x47,
  0x00, 0x00, 0x40, 0x00, 0x00, 0x00, 0x40, 0x7E, 0x4C, 0x5C, 0x00, 0x00,
  0x00, 0x50, 0x00, 0x00, 0x00, 0xC7, 0x00, 0x00, 0xC8, 0x00, 0xCF, 0x00,
  0x00, 0x00, 0x00, 0x00, 0xD1, 0x78, 0x00, 0x3C, 0x00, 0x36, 0x00, 0x00,
  0x00, 0xD6, 0x31, 0xC7, 0x00, 0x00, 0x3A, 0x00, 0x00, 0x7F, 0x00, 0x00,
  0x00, 0x00, 0x00, 0x00, 0x3E, 0x00, 0x2C, 0x00, 0x00, 0x00, 0x00, 0xD3,
  0xC6, 0xF8, 0xFF, 0xFF, 0x04, 0x00, 0x00, 0x00, 0x10, 0x00, 0x00, 0x00,
  0xDA, 0x8D, 0xEB, 0x60, 0xB9, 0x16, 0x86, 0xC4, 0xF6, 0x0A, 0xED, 0x58,
  0x7F, 0x03, 0x52, 0x80, 0xE2, 0xF8, 0xFF, 0xFF, 0x04, 0x00, 0x00, 0x00,
  0x00, 0x03, 0x00, 0x00, 0x00, 0x00, 0x00, 0x8F, 0x00, 0x00, 0x00, 0x00,
  0x00, 0x00, 0x9B, 0x00, 0x00, 0x00, 0x00, 0x4A, 0x00, 0x00, 0x00, 0x00,
  0x00, 0x93, 0x00, 0x00, 0x00, 0x00, 0x00, 0x00, 0x00, 0x00, 0x00, 0x00,
  0x00, 0x00, 0x00, 0x00, 0x00, 0x00, 0x58, 0x6E, 0x54, 0x00, 0x00, 0x7F,
  0x00, 0x00, 0x00, 0x00, 0x00, 0x00, 0xC3, 0x53, 0x00, 0x00, 0x00, 0x00,
  0x97, 0xB6, 0x3D, 0xBD, 0x00, 0x00, 0x00, 0x83, 0x00, 0x00, 0x00, 0x00,
  0x00, 0x47, 0x00, 0xB4, 0x00, 0x00, 0xB9, 0x00, 0x63, 0x00, 0x00, 0x81,
  0x00, 0xBF, 0xC3, 0x4F, 0x00, 0x3B, 0x89, 0xC9, 0xB1, 0xA2, 0x00, 0x00,
  0x00, 0x00, 0x00, 0x00, 0x3C, 0x00, 0x62, 0x00, 0x4F, 0x00, 0x00, 0x00,
  0x7F, 0x00, 0x00, 0x00, 0x00, 0x00, 0x00, 0x00, 0x00, 0x00, 0x57, 0x00,
  0x00, 0x00, 0xB8, 0x00, 0x00, 0x00, 0x00, 0x00, 0x4F, 0x00, 0x68, 0xA1,
  0x00, 0x00, 0x69, 0x48, 0x4B, 0x00, 0x00, 0x00, 0x7E, 0x00, 0x00, 0x00,
  0x56, 0x40, 0x00, 0xAC, 0xA3, 0x00, 0x8E, 0x00, 0x91, 0x00, 0x00, 0x00,
  0xA7, 0x00, 0x00, 0x00, 0x00, 0x00, 0x00, 0x00, 0x00, 0x00, 0x00, 0x00,
  0x00, 0x00, 0x96, 0x00, 0x00, 0x00, 0x00, 0x00, 0x00, 0x00, 0x00, 0x00,
  0x00, 0x00, 0x00, 0x7F, 0x00, 0x56, 0x4D, 0x00, 0x00, 0x85, 0x00, 0xA2,
  0x00, 0x00, 0x60, 0x00, 0x45, 0x00, 0xB6, 0x00, 0x56, 0xB3, 0x00, 0x00,
  0x8A, 0x00, 0x56, 0x4F, 0x00, 0x00, 0x00, 0x00, 0x00, 0x5C, 0x00, 0x5F,
  0x61, 0x58, 0x00, 0x00, 0x00, 0x00, 0x00, 0x00, 0x00, 0x00, 0x00, 0x00,
  0x00, 0xB0, 0x00, 0x00, 0x00, 0xAB, 0x7F, 0x00, 0x00, 0x00, 0x00, 0x00,
  0x00, 0x00, 0x00, 0x74, 0x96, 0x6F, 0x00, 0x50, 0x4D, 0x67, 0x53, 0x00,
  0x00, 0xA2, 0x00, 0x00, 0x5F, 0x00, 0x55, 0x00, 0x00, 0x7F, 0x00, 0x77,
  0x58, 0x00, 0x6E, 0x00, 0x00, 0x00, 0x5A, 0x00, 0x00, 0x00, 0x00, 0x00,
  0x00, 0x48, 0x00, 0x6F, 0x00, 0x00, 0x59, 0x00, 0x87, 0x00, 0x70, 0x00,
  0x00, 0x00, 0x00, 0x00, 0x00, 0x00, 0x00, 0x00, 0x00, 0x00, 0x00, 0x00,
  0x00, 0x00, 0x8D, 0xA6, 0x00, 0x00, 0x00, 0xA1, 0x00, 0x00, 0x89, 0x00,
  0x9D, 0x00, 0x00, 0x00, 0x6C, 0x00, 0x00, 0x9F, 0x00, 0x00, 0x00, 0x00,
  0x00, 0x00, 0x00, 0x83, 0x00, 0x00, 0x70, 0x00, 0x00, 0x00, 0x00, 0x00,
  0x81, 0x00, 0x00, 0x00, 0x00, 0x00, 0x00, 0x00, 0x00, 0x00, 0x00, 0x00,
  0x00, 0x00, 0xA8, 0x9C, 0x00, 0x00, 0x81, 0x5A, 0x00, 0x00, 0x00, 0x00,
  0x00, 0x00, 0x00, 0x00, 0x00, 0x00, 0x00, 0x77, 0x00, 0x00, 0x00, 0x00,
  0x65, 0x00, 0x00, 0x00, 0x00, 0x00, 0x00, 0x68, 0x00, 0x00, 0x00, 0x00,
  0x00, 0x00, 0x94, 0x6C, 0x00, 0x00, 0x00, 0x00, 0x00, 0x5B, 0x7F, 0x00,
  0x00, 0x00, 0x00, 0x00, 0x00, 0x69, 0x00, 0x57, 0x00, 0x00, 0x00, 0x47,
  0x5A, 0x00, 0x60, 0x00, 0x00, 0xCD, 0x00, 0x00, 0x00, 0x00, 0x36, 0x00,
  0x00, 0x48, 0x00, 0x00, 0x6E, 0x58, 0x5F, 0x62, 0xB5, 0xB2, 0x00, 0xCF,
  0x00, 0x74, 0x00, 0x78, 0xB4, 0x00, 0x00, 0x00, 0x00, 0x54, 0x00, 0x67,
  0x00, 0x00, 0x4C, 0x00, 0x00, 0x7F, 0x00, 0x59, 0x00, 0x00, 0x41, 0x00,
  0x00, 0x00, 0x00, 0x49, 0x00, 0x3D, 0x00, 0x9C, 0x00, 0x00, 0x6F, 0x60,
  0x00, 0x00, 0x00, 0x66, 0x00, 0x00, 0x6B, 0x00, 0x00, 0x00, 0x49, 0x00,
  0x00, 0x00, 0x00, 0x00, 0x00, 0x00, 0x7A, 0x00, 0x00, 0x00, 0x00, 0x00,
  0x00, 0x00, 0x00, 0x00, 0x00, 0x00, 0x00, 0x00, 0x5F, 0x47, 0x4D, 0xB9,
  0xB2, 0xB4, 0x00, 0x00, 0x00, 0x5D, 0x00, 0x57, 0x00, 0xB0, 0x00, 0x00,
  0x6B, 0x00, 0x00, 0xB1, 0xA3, 0x00, 0x81, 0x00, 0x00, 0x4A, 0x65, 0x00,
  0x00, 0xB2, 0x00, 0x00, 0xB5, 0x00, 0x00, 0x33, 0x00, 0x4D, 0x00, 0x00,
  0x00, 0x81, 0x00, 0x9A, 0x30, 0x00, 0x31, 0x00, 0x00, 0x00, 0xA6, 0x00,
  0x00, 0x47, 0x00, 0xB1, 0x00, 0xAF, 0x00, 0xC2, 0x00, 0x37, 0x4C, 0x00,
  0x00, 0x39, 0x00, 0x00, 0x00, 0x00, 0x00, 0x00, 0x00, 0x00, 0xCC, 0x00,
  0x00, 0x00, 0x36, 0x00, 0xB4, 0x49, 0x00, 0x00, 0x00, 0x4E, 0x00, 0x00,
  0x00, 0x81, 0x00, 0x00, 0x00, 0x5E, 0x00, 0x00, 0x00, 0x00, 0x00, 0x00,
  0x00, 0xB5, 0x00, 0x00, 0xAA, 0x00, 0x52, 0x00, 0x00, 0x00, 0x00, 0x8C,
  0x00, 0x00, 0xA8, 0x00, 0x00, 0x6C, 0x58, 0x00, 0x00, 0x00, 0x50, 0xB7,
  0x00, 0x67, 0x00, 0x00, 0xC3, 0x47, 0x00, 0x00, 0x61, 0x00, 0x64, 0x00,
  0x00, 0x00, 0xBC, 0x00, 0x00, 0x00, 0xBD, 0x6F, 0x00, 0x44, 0x00, 0x00,
  0x5F, 0x00, 0x76, 0x57, 0x00, 0x00, 0x00, 0xAC, 0xA9, 0x00, 0x00, 0x63,
  0x00, 0x00, 0x00, 0x38, 0x4C, 0x58, 0x7F, 0x00, 0xA6, 0x00, 0x00, 0x00,
  0x00, 0x00, 0x3F, 0x00, 0x00, 0xAE, 0xA3, 0x00, 0x00, 0x00, 0x00, 0x51,
  0x00, 0x00, 0x00, 0x00, 0x00, 0x00, 0x00, 0x00, 0x00, 0x00, 0xA9, 0x00,
  0x00, 0x81, 0x00, 0x00, 0x94, 0x00, 0x00, 0x00, 0x00, 0x9A, 0x00, 0x00,
  0x00, 0x00, 0x00, 0x00, 0xA7, 0x00, 0x00, 0x00, 0x00, 0x00, 0x00, 0xAE,
  0x00, 0x00, 0x00, 0x00, 0x00, 0x00, 0x3E, 0x00, 0x37, 0x00, 0x67, 0x00,
  0x00, 0x00, 0x2B, 0x00, 0x00, 0x00, 0x00, 0x7F, 0x00, 0xB6, 0xD8, 0x00,
  0x00, 0x00, 0x65, 0x00, 0x00, 0x00, 0xCC, 0xC2, 0x00, 0x00, 0xD4, 0x00,
  0x00, 0x3C, 0xD7, 0x00, 0x00, 0x00, 0x00, 0x00, 0x00, 0x00, 0x00, 0x00,
  0x00, 0x59, 0x28, 0x00, 0xEE, 0xFB, 0xFF, 0xFF, 0x04, 0x00, 0x00, 0x00,
  0x10, 0x00, 0x00, 0x00, 0xEF, 0x1D, 0x7F, 0x11, 0xE5, 0x4F, 0xD3, 0xC7,
  0xF0, 0x19, 0xCA, 0x75, 0x1C, 0x80, 0xED, 0xBD, 0x0A, 0xFC, 0xFF, 0xFF,
  0x04, 0x00, 0x00, 0x00, 0x00, 0x01, 0x00, 0x00, 0x79, 0x00, 0x00, 0x00,
  0x00, 0x81, 0x00, 0x8D, 0x00, 0x89, 0x00, 0x00, 0x00, 0x00, 0x00, 0x00,
  0x00, 0x00, 0x00, 0x00, 0x00, 0x00, 0x7F, 0x00, 0x00, 0x00, 0x00, 0x00,
  0x00, 0x00, 0x00, 0x00, 0x00, 0x00, 0x00, 0x00, 0x00, 0x00, 0x75, 0x8B,
  0x00, 0x81, 0x00, 0x00, 0x00, 0x00, 0x00, 0x00, 0xA0, 0x00, 0x00, 0x92,
  0x00, 0x00, 0x81, 0x00, 0x00, 0x65, 0x00, 0x00, 0x00, 0x9B, 0x00, 0x00,
  0x67, 0x00, 0x5F, 0x00, 0x00, 0x00, 0x00, 0x00, 0x00, 0x00, 0x5D, 0x00,
  0x00, 0x7F, 0x60, 0x00, 0x00, 0x00, 0x00, 0x6B, 0x00, 0x00, 0x00, 0x00,
  0x00, 0x81, 0x00, 0xA8, 0x91, 0x00, 0x5C, 0x00, 0x00, 0x00, 0x7F, 0x9E,
  0x00, 0x00, 0x5C, 0x00, 0x00, 0x5C, 0x00, 0x9D, 0x00, 0x4E, 0x00, 0x00,
  0x00, 0x00, 0x3C, 0x55, 0x00, 0x00, 0x00, 0x81, 0x00, 0x00, 0x8A, 0x46,
  0x00, 0xAD, 0x00, 0xAA, 0x81, 0x67, 0x00, 0x00, 0x5E, 0x00, 0x00, 0x00,
  0x70, 0x56, 0x00, 0x00, 0x00, 0x5B, 0x00, 0x4F, 0x00, 0xBE, 0x5A, 0x00,
  0x00, 0x00, 0x00, 0x00, 0x00, 0x00, 0x00, 0x7F, 0x66, 0xA4, 0x00, 0x00,
  0x8D, 0x96, 0x5A, 0x00, 0x60, 0x00, 0x00, 0x6F, 0x7F, 0x74, 0x00, 0x00,
  0x00, 0x00, 0x00, 0x00, 0x00, 0x00, 0x00, 0x00, 0x00, 0x00, 0x00, 0x7F,
  0x00, 0x00, 0x00, 0x00, 0x72, 0x00, 0x79, 0x00, 0x00, 0x7F, 0x00, 0x00,
  0x00, 0x6A, 0x00, 0x00, 0x00, 0x00, 0x9B, 0x62, 0x00, 0x00, 0xAF, 0x00,
  0x00, 0x00, 0x00, 0x7F, 0x00, 0x00, 0x00, 0x00, 0x00, 0x00, 0x00, 0x00,
  0x00, 0x00, 0x00, 0x00, 0x59, 0x00, 0xAB, 0x00, 0x00, 0x00, 0x00, 0x00,
  0x59, 0x00, 0x00, 0x81, 0x49, 0x00, 0x99, 0x00, 0x91, 0x00, 0x00, 0x00,
  0x64, 0x61, 0x00, 0x81, 0x5B, 0x00, 0x00, 0x00, 0x00, 0x62, 0x58, 0x7B,
  0x16, 0xFD, 0xFF, 0xFF, 0x04, 0x00, 0x00, 0x00, 0x40, 0x00, 0x00, 0x00,
  0x00, 0x00, 0x00, 0x00, 0x80, 0xFF, 0xFF, 0xFF, 0xE6, 0xFF, 0xFF, 0xFF,
  0x51, 0xFF, 0xFF, 0xFF, 0xF2, 0xFE, 0xFF, 0xFF, 0x00, 0x00, 0x00, 0x00,
  0x75, 0x00, 0x00, 0x00, 0x5D, 0x00, 0x00, 0x00, 0xA1, 0xFF, 0xFF, 0xFF,
  0x38, 0x01, 0x00, 0x00, 0x2C, 0x00, 0x00, 0x00, 0x6E, 0x00, 0x00, 0x00,
  0xDD, 0xFF, 0xFF, 0xFF, 0xE2, 0xFF, 0xFF, 0xFF, 0x88, 0xFF, 0xFF, 0xFF,
  0x24, 0x00, 0x00, 0x00, 0x62, 0xFD, 0xFF, 0xFF, 0x04, 0x00, 0x00, 0x00,
  0x40, 0x00, 0x00, 0x00, 0x00, 0x00, 0x00, 0x00, 0x81, 0x42, 0x90, 0x65,
  0x58, 0x00, 0xC6, 0x00, 0x00, 0x00, 0xBD, 0x00, 0x00, 0x00, 0x00, 0x00,
  0x00, 0x00, 0x00, 0x00, 0x5E, 0x81, 0x00, 0x00, 0x00, 0x00, 0x00, 0x00,
  0x00, 0x6A, 0xBD, 0x00, 0x00, 0x00, 0x00, 0x00, 0x00, 0x00, 0x00, 0x00,
  0x00, 0x00, 0x00, 0x81, 0x00, 0xBA, 0x00, 0xB9, 0x9F, 0x00, 0x00, 0x00,
  0x45, 0x00, 0x51, 0xA1, 0x81, 0x00, 0xAE, 0x00, 0xAE, 0xFD, 0xFF, 0xFF,
  0x04, 0x00, 0x00, 0x00, 0x10, 0x00, 0x00, 0x00, 0x44, 0x00, 0x00, 0x00,
  0x8F, 0xFE, 0xFF, 0xFF, 0xD7, 0x00, 0x00, 0x00, 0xEB, 0xFF, 0xFF, 0xFF,
  0xCA, 0xFD, 0xFF, 0xFF, 0x04, 0x00, 0x00, 0x00, 0x04, 0x00, 0x00, 0x00,
  0x01, 0x00, 0x00, 0x00, 0xDA, 0xFD, 0xFF, 0xFF, 0x04, 0x00, 0x00, 0x00,
  0x0C, 0x00, 0x00, 0x00, 0xFF, 0xFF, 0xFF, 0xFF, 0x19, 0x00, 0x00, 0x00,
  0x10, 0x00, 0x00, 0x00, 0xF2, 0xFD, 0xFF, 0xFF, 0x04, 0x00, 0x00, 0x00,
  0x04, 0x00, 0x00, 0x00, 0x04, 0x00, 0x00, 0x00, 0x02, 0xFE, 0xFF, 0xFF,
  0x04, 0x00, 0x00, 0x00, 0x18, 0x00, 0x00, 0x00, 0x00, 0x00, 0x00, 0x00,
  0x00, 0x00, 0x00, 0x00, 0x08, 0x00, 0x00, 0x00, 0x00, 0x00, 0x00, 0x00,
  0x00, 0x00, 0x00, 0x00, 0x00, 0x00, 0x00, 0x00, 0x26, 0xFE, 0xFF, 0xFF,
  0x04, 0x00, 0x00, 0x00, 0x0C, 0x00, 0x00, 0x00, 0xFF, 0xFF, 0xFF, 0xFF,
  0x32, 0x00, 0x00, 0x00, 0x10, 0x00, 0x00, 0x00, 0x3E, 0xFE, 0xFF, 0xFF,
  0x04, 0x00, 0x00, 0x00, 0x08, 0x00, 0x00, 0x00, 0x00, 0x00, 0x00, 0x00,
  0x00, 0x00, 0x00, 0x00, 0x52, 0xFE, 0xFF, 0xFF, 0x04, 0x00, 0x00, 0x00,
  0x04, 0x00, 0x00, 0x00, 0x02, 0x00, 0x00, 0x00, 0x62, 0xFE, 0xFF, 0xFF,
  0x04, 0x00, 0x00, 0x00, 0x18, 0x00, 0x00, 0x00, 0x00, 0x00, 0x00, 0x00,
  0x00, 0x00, 0x00, 0x00, 0x04, 0x00, 0x00, 0x00, 0x00, 0x00, 0x00, 0x00,
  0x00, 0x00, 0x00, 0x00, 0x00, 0x00, 0x00, 0x00, 0x86, 0xFE, 0xFF, 0xFF,
  0x04, 0x00, 0x00, 0x00, 0x18, 0x00, 0x00, 0x00, 0x00, 0x00, 0x00, 0x00,
  0x00, 0x00, 0x00, 0x00, 0x02, 0x00, 0x00, 0x00, 0x00, 0x00, 0x00, 0x00,
  0x00, 0x00, 0x00, 0x00, 0x00, 0x00, 0x00, 0x00, 0xAA, 0xFE, 0xFF, 0xFF,
  0x04, 0x00, 0x00, 0x00, 0x0C, 0x00, 0x00, 0x00, 0xFF, 0xFF, 0xFF, 0xFF,
  0x64, 0x00, 0x00, 0x00, 0x10, 0x00, 0x00, 0x00, 0xC2, 0xFE, 0xFF, 0xFF,
  0x04, 0x00, 0x00, 0x00, 0x04, 0x00, 0x00, 0x00, 0xFD, 0xFF, 0xFF, 0xFF,
  0xC8, 0xB8, 0xFF, 0xFF, 0xCC, 0xB8, 0xFF, 0xFF, 0x0F, 0x00, 0x00, 0x00,
  0x4D, 0x4C, 0x49, 0x52, 0x20, 0x43, 0x6F, 0x6E, 0x76, 0x65, 0x72, 0x74,
  0x65, 0x64, 0x2E, 0x00, 0x01, 0x00, 0x00, 0x00, 0x14, 0x00, 0x00, 0x00,
  0x00, 0x00, 0x0E, 0x00, 0x18, 0x00, 0x14, 0x00, 0x10, 0x00, 0x0C, 0x00,
  0x08, 0x00, 0x04, 0x00, 0x0E, 0x00, 0x00, 0x00, 0x14, 0x00, 0x00, 0x00,
  0x1C, 0x00, 0x00, 0x00, 0xD4, 0x09, 0x00, 0x00, 0xD8, 0x09, 0x00, 0x00,
  0xDC, 0x09, 0x00, 0x00, 0x04, 0x00, 0x00, 0x00, 0x6D, 0x61, 0x69, 0x6E,
  0x00, 0x00, 0x00, 0x00, 0x2E, 0x00, 0x00, 0x00, 0x8C, 0x09, 0x00, 0x00,
  0x2C, 0x09, 0x00, 0x00, 0xF4, 0x08, 0x00, 0x00, 0xB4, 0x08, 0x00, 0x00,
  0x84, 0x08, 0x00, 0x00, 0x30, 0x08, 0x00, 0x00, 0x08, 0x08, 0x00, 0x00,
  0xD4, 0x07, 0x00, 0x00, 0xA4, 0x07, 0x00, 0x00, 0x5C, 0x07, 0x00, 0x00,
  0x34, 0x07, 0x00, 0x00, 0xF4, 0x06, 0x00, 0x00, 0xB0, 0x06, 0x00, 0x00,
  0x84, 0x06, 0x00, 0x00, 0x54, 0x06, 0x00, 0x00, 0x04, 0x06, 0x00, 0x00,
  0xDC, 0x05, 0x00, 0x00, 0xB0, 0x05, 0x00, 0x00, 0x78, 0x05, 0x00, 0x00,
  0x44, 0x05, 0x00, 0x00, 0x18, 0x05, 0x00, 0x00, 0xE8, 0x04, 0x00, 0x00,
  0xA4, 0x04, 0x00, 0x00, 0x7C, 0x04, 0x00, 0x00, 0x50, 0x04, 0x00, 0x00,
  0x18, 0x04, 0x00, 0x00, 0xE0, 0x03, 0x00, 0x00, 0xAC, 0x03, 0x00, 0x00,
  0x80, 0x03, 0x00, 0x00, 0x50, 0x03, 0x00, 0x00, 0x0C, 0x03, 0x00, 0x00,
  0xE4, 0x02, 0x00, 0x00, 0xB8, 0x02, 0x00, 0x00, 0x80, 0x02, 0x00, 0x00,
  0x4C, 0x02, 0x00, 0x00, 0x20, 0x02, 0x00, 0x00, 0xF0, 0x01, 0x00, 0x00,
  0xAC, 0x01, 0x00, 0x00, 0x84, 0x01, 0x00, 0x00, 0x58, 0x01, 0x00, 0x00,
  0x20, 0x01, 0x00, 0x00, 0xE8, 0x00, 0x00, 0x00, 0xB4, 0x00, 0x00, 0x00,
  0x78, 0x00, 0x00, 0x00, 0x40, 0x00, 0x00, 0x00, 0x04, 0x00, 0x00, 0x00,
  0xA6, 0xF9, 0xFF, 0xFF, 0x1C, 0x00, 0x00, 0x00, 0x00, 0x00, 0x00, 0x09,
  0x1C, 0x00, 0x00, 0x00, 0x20, 0x00, 0x00, 0x00, 0x09, 0x00, 0x00, 0x00,
  0x00, 0x00, 0x06, 0x00, 0x08, 0x00, 0x04, 0x00, 0x06, 0x00, 0x00, 0x00,
  0x00, 0x00, 0x80, 0x3F, 0x01, 0x00, 0x00, 0x00, 0x4F, 0x00, 0x00, 0x00,
  0x01, 0x00, 0x00, 0x00, 0x4E, 0x00, 0x00, 0x00, 0xCE, 0xF7, 0xFF, 0xFF,
  0x14, 0x00, 0x00, 0x00, 0x00, 0x00, 0x00, 0x08, 0x10, 0x00, 0x00, 0x00,
  0x14, 0x00, 0x00, 0x00, 0x08, 0x00, 0x00, 0x00, 0x2C, 0xBA, 0xFF, 0xFF,
  0x01, 0x00, 0x00, 0x00, 0x4E, 0x00, 0x00, 0x00, 0x03, 0x00, 0x00, 0x00,
  0x4D, 0x00, 0x00, 0x00, 0x0D, 0x00, 0x00, 0x00, 0x0C, 0x00, 0x00, 0x00,
  0x02, 0xF8, 0xFF, 0xFF, 0x14, 0x00, 0x00, 0x00, 0x00, 0x00, 0x00, 0x08,
  0x14, 0x00, 0x00, 0x00, 0x18, 0x00, 0x00, 0x00, 0x08, 0x00, 0x00, 0x00,
  0x02, 0xFA, 0xFF, 0xFF, 0x00, 0x00, 0x00, 0x01, 0x01, 0x00, 0x00, 0x00,
  0x4D, 0x00, 0x00, 0x00, 0x03, 0x00, 0x00, 0x00, 0x4C, 0x00, 0x00, 0x00,
  0x0F, 0x00, 0x00, 0x00, 0x0E, 0x00, 0x00, 0x00, 0x3A, 0xF8, 0xFF, 0xFF,
  0x14, 0x00, 0x00, 0x00, 0x00, 0x00, 0x00, 0x1B, 0x10, 0x00, 0x00, 0x00,
  0x14, 0x00, 0x00, 0x00, 0x07, 0x00, 0x00, 0x00, 0x98, 0xBA, 0xFF, 0xFF,
  0x01, 0x00, 0x00, 0x00, 0x4C, 0x00, 0x00, 0x00, 0x02, 0x00, 0x00, 0x00,
  0x4B, 0x00, 0x00, 0x00, 0x0B, 0x00, 0x00, 0x00, 0x6A, 0xF8, 0xFF, 0xFF,
  0x14, 0x00, 0x00, 0x00, 0x00, 0x00, 0x00, 0x0B, 0x14, 0x00, 0x00, 0x00,
  0x18, 0x00, 0x00, 0x00, 0x04, 0x00, 0x00, 0x00, 0x6A, 0xFA, 0xFF, 0xFF,
  0x00, 0x00, 0x00, 0x01, 0x01, 0x00, 0x00, 0x00, 0x4B, 0x00, 0x00, 0x00,
  0x02, 0x00, 0x00, 0x00, 0x3C, 0x00, 0x00, 0x00, 0x4A, 0x00, 0x00, 0x00,
  0x9E, 0xF8, 0xFF, 0xFF, 0x14, 0x00, 0x00, 0x00, 0x00, 0x00, 0x00, 0x0B,
  0x14, 0x00, 0x00, 0x00, 0x18, 0x00, 0x00, 0x00, 0x04, 0x00, 0x00, 0x00,
  0x9E, 0xFA, 0xFF, 0xFF, 0x00, 0x00, 0x00, 0x01, 0x01, 0x00, 0x00, 0x00,
  0x4A, 0x00, 0x00, 0x00, 0x02, 0x00, 0x00, 0x00, 0x49, 0x00, 0x00, 0x00,
  0x10, 0x00, 0x00, 0x00, 0x02, 0xF9, 0xFF, 0xFF, 0x0C, 0x00, 0x00, 0x00,
  0x10, 0x00, 0x00, 0x00, 0x06, 0x00, 0x00, 0x00, 0x01, 0x00, 0x00, 0x00,
  0x49, 0x00, 0x00, 0x00, 0x03, 0x00, 0x00, 0x00, 0x48, 0x00, 0x00, 0x00,
  0x09, 0x00, 0x00, 0x00, 0x06, 0x00, 0x00, 0x00, 0x2A, 0xF9, 0xFF, 0xFF,
  0x0C, 0x00, 0x00, 0x00, 0x10, 0x00, 0x00, 0x00, 0x02, 0x00, 0x00, 0x00,
  0x01, 0x00, 0x00, 0x00, 0x48, 0x00, 0x00, 0x00, 0x02, 0x00, 0x00, 0x00,
  0x47, 0x00, 0x00, 0x00, 0x0A, 0x00, 0x00, 0x00, 0x1E, 0xF9, 0xFF, 0xFF,
  0x14, 0x00, 0x00, 0x00, 0x00, 0x00, 0x00, 0x01, 0x1C, 0x00, 0x00, 0x00,
  0x20, 0x00, 0x00, 0x00, 0x01, 0x00, 0x00, 0x00, 0xFE, 0xFB, 0xFF, 0xFF,
  0x01, 0x00, 0x00, 0x00, 0x01, 0x00, 0x00, 0x00, 0x00, 0x00, 0x00, 0x01,
  0x01, 0x00, 0x00, 0x00, 0x47, 0x00, 0x00, 0x00, 0x03, 0x00, 0x00, 0x00,
  0x46, 0x00, 0x00, 0x00, 0x11, 0x00, 0x00, 0x00, 0x1A, 0x00, 0x00, 0x00,
  0x02, 0xF9, 0xFF, 0xFF, 0x10, 0x00, 0x00, 0x00, 0x00, 0x00, 0x00, 0x34,
  0x0C, 0x00, 0x00, 0x00, 0x10, 0x00, 0x00, 0x00, 0xB8, 0xBB, 0xFF, 0xFF,
  0x01, 0x00, 0x00, 0x00, 0x46, 0x00, 0x00, 0x00, 0x02, 0x00, 0x00, 0x00,
  0x45, 0x00, 0x00, 0x00, 0x01, 0x00, 0x00, 0x00, 0xBA, 0xF9, 0xFF, 0xFF,
  0x0C, 0x00, 0x00, 0x00, 0x10, 0x00, 0x00, 0x00, 0x05, 0x00, 0x00, 0x00,
  0x01, 0x00, 0x00, 0x00, 0x45, 0x00, 0x00, 0x00, 0x03, 0x00, 0x00, 0x00,
  0x44, 0x00, 0x00, 0x00, 0x09, 0x00, 0x00, 0x00, 0x06, 0x00, 0x00, 0x00,
  0xB2, 0xF9, 0xFF, 0xFF, 0x14, 0x00, 0x00, 0x00, 0x00, 0x00, 0x00, 0x16,
  0x10, 0x00, 0x00, 0x00, 0x14, 0x00, 0x00, 0x00, 0x03, 0x00, 0x00, 0x00,
  0x10, 0xBC, 0xFF, 0xFF, 0x01, 0x00, 0x00, 0x00, 0x44, 0x00, 0x00, 0x00,
  0x02, 0x00, 0x00, 0x00, 0x43, 0x00, 0x00, 0x00, 0x08, 0x00, 0x00, 0x00,
  0xE2, 0xF9, 0xFF, 0xFF, 0x14, 0x00, 0x00, 0x00, 0x00, 0x00, 0x00, 0x0B,
  0x14, 0x00, 0x00, 0x00, 0x18, 0x00, 0x00, 0x00, 0x04, 0x00, 0x00, 0x00,
  0xE2, 0xFB, 0xFF, 0xFF, 0x00, 0x00, 0x00, 0x01, 0x01, 0x00, 0x00, 0x00,
  0x43, 0x00, 0x00, 0x00, 0x02, 0x00, 0x00, 0x00, 0x42, 0x00, 0x00, 0x00,
  0x12, 0x00, 0x00, 0x00, 0x46, 0xFA, 0xFF, 0xFF, 0x0C, 0x00, 0x00, 0x00,
  0x10, 0x00, 0x00, 0x00, 0x06, 0x00, 0x00, 0x00, 0x01, 0x00, 0x00, 0x00,
  0x42, 0x00, 0x00, 0x00, 0x03, 0x00, 0x00, 0x00, 0x41, 0x00, 0x00, 0x00,
  0x09, 0x00, 0x00, 0x00, 0x06, 0x00, 0x00, 0x00, 0x6E, 0xFA, 0xFF, 0xFF,
  0x0C, 0x00, 0x00, 0x00, 0x10, 0x00, 0x00, 0x00, 0x02, 0x00, 0x00, 0x00,
  0x01, 0x00, 0x00, 0x00, 0x41, 0x00, 0x00, 0x00, 0x02, 0x00, 0x00, 0x00,
  0x40, 0x00, 0x00, 0x00, 0x0A, 0x00, 0x00, 0x00, 0x62, 0xFA, 0xFF, 0xFF,
  0x14, 0x00, 0x00, 0x00, 0x00, 0x00, 0x00, 0x01, 0x1C, 0x00, 0x00, 0x00,
  0x20, 0x00, 0x00, 0x00, 0x01, 0x00, 0x00, 0x00, 0x42, 0xFD, 0xFF, 0xFF,
  0x01, 0x00, 0x00, 0x00, 0x01, 0x00, 0x00, 0x00, 0x00, 0x00, 0x00, 0x01,
  0x01, 0x00, 0x00, 0x00, 0x40, 0x00, 0x00, 0x00, 0x03, 0x00, 0x00, 0x00,
  0x3F, 0x00, 0x00, 0x00, 0x13, 0x00, 0x00, 0x00, 0x19, 0x00, 0x00, 0x00,
  0x46, 0xFA, 0xFF, 0xFF, 0x10, 0x00, 0x00, 0x00, 0x00, 0x00, 0x00, 0x34,
  0x0C, 0x00, 0x00, 0x00, 0x10, 0x00, 0x00, 0x00, 0xFC, 0xBC, 0xFF, 0xFF,
  0x01, 0x00, 0x00, 0x00, 0x3F, 0x00, 0x00, 0x00, 0x02, 0x00, 0x00, 0x00,
  0x3E, 0x00, 0x00, 0x00, 0x01, 0x00, 0x00, 0x00, 0xFE, 0xFA, 0xFF, 0xFF,
  0x0C, 0x00, 0x00, 0x00, 0x10, 0x00, 0x00, 0x00, 0x05, 0x00, 0x00, 0x00,
  0x01, 0x00, 0x00, 0x00, 0x3E, 0x00, 0x00, 0x00, 0x03, 0x00, 0x00, 0x00,
  0x3D, 0x00, 0x00, 0x00, 0x09, 0x00, 0x00, 0x00, 0x06, 0x00, 0x00, 0x00,
  0xF6, 0xFA, 0xFF, 0xFF, 0x14, 0x00, 0x00, 0x00, 0x00, 0x00, 0x00, 0x16,
  0x10, 0x00, 0x00, 0x00, 0x14, 0x00, 0x00, 0x00, 0x03, 0x00, 0x00, 0x00,
  0x54, 0xBD, 0xFF, 0xFF, 0x01, 0x00, 0x00, 0x00, 0x3D, 0x00, 0x00, 0x00,
  0x02, 0x00, 0x00, 0x00, 0x3C, 0x00, 0x00, 0x00, 0x08, 0x00, 0x00, 0x00,
  0x26, 0xFB, 0xFF, 0xFF, 0x14, 0x00, 0x00, 0x00, 0x00, 0x00, 0x00, 0x0B,
  0x14, 0x00, 0x00, 0x00, 0x18, 0x00, 0x00, 0x00, 0x04, 0x00, 0x00, 0x00,
  0x26, 0xFD, 0xFF, 0xFF, 0x00, 0x00, 0x00, 0x01, 0x01, 0x00, 0x00, 0x00,
  0x3C, 0x00, 0x00, 0x00, 0x02, 0x00, 0x00, 0x00, 0x2D, 0x00, 0x00, 0x00,
  0x3B, 0x00, 0x00, 0x00, 0x5A, 0xFB, 0xFF, 0xFF, 0x14, 0x00, 0x00, 0x00,
  0x00, 0x00, 0x00, 0x0B, 0x14, 0x00, 0x00, 0x00, 0x18, 0x00, 0x00, 0x00,
  0x04, 0x00, 0x00, 0x00, 0x5A, 0xFD, 0xFF, 0xFF, 0x00, 0x00, 0x00, 0x01,
  0x01, 0x00, 0x00, 0x00, 0x3B, 0x00, 0x00, 0x00, 0x02, 0x00, 0x00, 0x00,
  0x3A, 0x00, 0x00, 0x00, 0x14, 0x00, 0x00, 0x00, 0xBE, 0xFB, 0xFF, 0xFF,
  0x0C, 0x00, 0x00, 0x00, 0x10, 0x00, 0x00, 0x00, 0x06, 0x00, 0x00, 0x00,
  0x01, 0x00, 0x00, 0x00, 0x3A, 0x00, 0x00, 0x00, 0x03, 0x00, 0x00, 0x00,
  0x39, 0x00, 0x00, 0x00, 0x05, 0x00, 0x00, 0x00, 0x06, 0x00, 0x00, 0x00,
  0xE6, 0xFB, 0xFF, 0xFF, 0x0C, 0x00, 0x00, 0x00, 0x10, 0x00, 0x00, 0x00,
  0x02, 0x00, 0x00, 0x00, 0x01, 0x00, 0x00, 0x00, 0x39, 0x00, 0x00, 0x00,
  0x02, 0x00, 0x00, 0x00, 0x38, 0x00, 0x00, 0x00, 0x07, 0x00, 0x00, 0x00,
  0xDA, 0xFB, 0xFF, 0xFF, 0x14, 0x00, 0x00, 0x00, 0x00, 0x00, 0x00, 0x01,
  0x1C, 0x00, 0x00, 0x00, 0x20, 0x00, 0x00, 0x00, 0x01, 0x00, 0x00, 0x00,
  0xBA, 0xFE, 0xFF, 0xFF, 0x01, 0x00, 0x00, 0x00, 0x01, 0x00, 0x00, 0x00,
  0x00, 0x00, 0x00, 0x01, 0x01, 0x00, 0x00, 0x00, 0x38, 0x00, 0x00, 0x00,
  0x03, 0x00, 0x00, 0x00, 0x37, 0x00, 0x00, 0x00, 0x15, 0x00, 0x00, 0x00,
  0x18, 0x00, 0x00, 0x00, 0xBE, 0xFB, 0xFF, 0xFF, 0x10, 0x00, 0x00, 0x00,
  0x00, 0x00, 0x00, 0x34, 0x0C, 0x00, 0x00, 0x00, 0x10, 0x00, 0x00, 0x00,
  0x74, 0xBE, 0xFF, 0xFF, 0x01, 0x00, 0x00, 0x00, 0x37, 0x00, 0x00, 0x00,
  0x02, 0x00, 0x00, 0x00, 0x36, 0x00, 0x00, 0x00, 0x01, 0x00, 0x00, 0x00,
  0x76, 0xFC, 0xFF, 0xFF, 0x0C, 0x00, 0x00, 0x00, 0x10, 0x00, 0x00, 0x00,
  0x05, 0x00, 0x00, 0x00, 0x01, 0x00, 0x00, 0x00, 0x36, 0x00, 0x00, 0x00,
  0x03, 0x00, 0x00, 0x00, 0x35, 0x00, 0x00, 0x00, 0x05, 0x00, 0x00, 0x00,
  0x06, 0x00, 0x00, 0x00, 0x6E, 0xFC, 0xFF, 0xFF, 0x14, 0x00, 0x00, 0x00,
  0x00, 0x00, 0x00, 0x16, 0x10, 0x00, 0x00, 0x00, 0x14, 0x00, 0x00, 0x00,
  0x03, 0x00, 0x00, 0x00, 0xCC, 0xBE, 0xFF, 0xFF, 0x01, 0x00, 0x00, 0x00,
  0x35, 0x00, 0x00, 0x00, 0x02, 0x00, 0x00, 0x00, 0x34, 0x00, 0x00, 0x00,
  0x04, 0x00, 0x00, 0x00, 0x9E, 0xFC, 0xFF, 0xFF, 0x14, 0x00, 0x00, 0x00,
  0x00, 0x00, 0x00, 0x0B, 0x14, 0x00, 0x00, 0x00, 0x18, 0x00, 0x00, 0x00,
  0x04, 0x00, 0x00, 0x00, 0x9E, 0xFE, 0xFF, 0xFF, 0x00, 0x00, 0x00, 0x01,
  0x01, 0x00, 0x00, 0x00, 0x34, 0x00, 0x00, 0x00, 0x02, 0x00, 0x00, 0x00,
  0x33, 0x00, 0x00, 0x00, 0x16, 0x00, 0x00, 0x00, 0x02, 0xFD, 0xFF, 0xFF,
  0x0C, 0x00, 0x00, 0x00, 0x10, 0x00, 0x00, 0x00, 0x06, 0x00, 0x00, 0x00,
  0x01, 0x00, 0x00, 0x00, 0x33, 0x00, 0x00, 0x00, 0x03, 0x00, 0x00, 0x00,
  0x32, 0x00, 0x00, 0x00, 0x05, 0x00, 0x00, 0x00, 0x06, 0x00, 0x00, 0x00,
  0x2A, 0xFD, 0xFF, 0xFF, 0x0C, 0x00, 0x00, 0x00, 0x10, 0x00, 0x00, 0x00,
  0x02, 0x00, 0x00, 0x00, 0x01, 0x00, 0x00, 0x00, 0x32, 0x00, 0x00, 0x00,
  0x02, 0x00, 0x00, 0x00, 0x31, 0x00, 0x00, 0x00, 0x07, 0x00, 0x00, 0x00,
  0x2E, 0xFF, 0xFF, 0xFF, 0x20, 0x00, 0x00, 0x00, 0x00, 0x00, 0x00, 0x01,
  0x28, 0x00, 0x00, 0x00, 0x2C, 0x00, 0x00, 0x00, 0x01, 0x00, 0x00, 0x00,
  0x00, 0x00, 0x0A, 0x00, 0x10, 0x00, 0x0F, 0x00, 0x08, 0x00, 0x04, 0x00,
  0x0A, 0x00, 0x00, 0x00, 0x01, 0x00, 0x00, 0x00, 0x01, 0x00, 0x00, 0x00,
  0x00, 0x00, 0x00, 0x01, 0x01, 0x00, 0x00, 0x00, 0x31, 0x00, 0x00, 0x00,
  0x03, 0x00, 0x00, 0x00, 0x30, 0x00, 0x00, 0x00, 0x1B, 0x00, 0x00, 0x00,
  0x17, 0x00, 0x00, 0x00, 0x0E, 0xFD, 0xFF, 0xFF, 0x10, 0x00, 0x00, 0x00,
  0x00, 0x00, 0x00, 0x34, 0x0C, 0x00, 0x00, 0x00, 0x10, 0x00, 0x00, 0x00,
  0xC4, 0xBF, 0xFF, 0xFF, 0x01, 0x00, 0x00, 0x00, 0x30, 0x00, 0x00, 0x00,
  0x02, 0x00, 0x00, 0x00, 0x2F, 0x00, 0x00, 0x00, 0x01, 0x00, 0x00, 0x00,
  0xC6, 0xFD, 0xFF, 0xFF, 0x0C, 0x00, 0x00, 0x00, 0x10, 0x00, 0x00, 0x00,
  0x05, 0x00, 0x00, 0x00, 0x01, 0x00, 0x00, 0x00, 0x2F, 0x00, 0x00, 0x00,
  0x03, 0x00, 0x00, 0x00, 0x2E, 0x00, 0x00, 0x00, 0x05, 0x00, 0x00, 0x00,
  0x06, 0x00, 0x00, 0x00, 0xBE, 0xFD, 0xFF, 0xFF, 0x14, 0x00, 0x00, 0x00,
  0x00, 0x00, 0x00, 0x16, 0x10, 0x00, 0x00, 0x00, 0x14, 0x00, 0x00, 0x00,
  0x03, 0x00, 0x00, 0x00, 0x1C, 0xC0, 0xFF, 0xFF, 0x01, 0x00, 0x00, 0x00,
  0x2E, 0x00, 0x00, 0x00, 0x02, 0x00, 0x00, 0x00, 0x2D, 0x00, 0x00, 0x00,
  0x04, 0x00, 0x00, 0x00, 0x00, 0x00, 0x0E, 0x00, 0x1A, 0x00, 0x14, 0x00,
  0x10, 0x00, 0x0C, 0x00, 0x0B, 0x00, 0x04, 0x00, 0x0E, 0x00, 0x00, 0x00,
  0x1C, 0x00, 0x00, 0x00, 0x00, 0x00, 0x00, 0x0B, 0x1C, 0x00, 0x00, 0x00,
  0x20, 0x00, 0x00, 0x00, 0x04, 0x00, 0x00, 0x00, 0x00, 0x00, 0x06, 0x00,
  0x08, 0x00, 0x07, 0x00, 0x06, 0x00, 0x00, 0x00, 0x00, 0x00, 0x00, 0x01,
  0x01, 0x00, 0x00, 0x00, 0x2D, 0x00, 0x00, 0x00, 0x02, 0x00, 0x00, 0x00,
  0x24, 0x00, 0x00, 0x00, 0x2C, 0x00, 0x00, 0x00, 0x6A, 0xFE, 0xFF, 0xFF,
  0x0C, 0x00, 0x00, 0x00, 0x10, 0x00, 0x00, 0x00, 0x02, 0x00, 0x00, 0x00,
  0x01, 0x00, 0x00, 0x00, 0x2C, 0x00, 0x00, 0x00, 0x02, 0x00, 0x00, 0x00,
  0x2B, 0x00, 0x00, 0x00, 0x02, 0x00, 0x00, 0x00, 0x5E, 0xFE, 0xFF, 0xFF,
  0x14, 0x00, 0x00, 0x00, 0x00, 0x00, 0x00, 0x01, 0x20, 0x00, 0x00, 0x00,
  0x24, 0x00, 0x00, 0x00, 0x01, 0x00, 0x00, 0x00, 0x3C, 0xFF, 0xFF, 0xFF,
  0x00, 0x00, 0x00, 0x01, 0x01, 0x00, 0x00, 0x00, 0x01, 0x00, 0x00, 0x00,
  0x00, 0x00, 0x00, 0x01, 0x01, 0x00, 0x00, 0x00, 0x2B, 0x00, 0x00, 0x00,
  0x03, 0x00, 0x00, 0x00, 0x2A, 0x00, 0x00, 0x00, 0x1D, 0x00, 0x00, 0x00,
  0x1C, 0x00, 0x00, 0x00, 0x46, 0xFE, 0xFF, 0xFF, 0x10, 0x00, 0x00, 0x00,
  0x00, 0x00, 0x00, 0x34, 0x0C, 0x00, 0x00, 0x00, 0x10, 0x00, 0x00, 0x00,
  0xFC, 0xC0, 0xFF, 0xFF, 0x01, 0x00, 0x00, 0x00, 0x2A, 0x00, 0x00, 0x00,
  0x02, 0x00, 0x00, 0x00, 0x29, 0x00, 0x00, 0x00, 0x01, 0x00, 0x00, 0x00,
  0xCE, 0xFE, 0xFF, 0xFF, 0x14, 0x00, 0x00, 0x00, 0x00, 0x00, 0x00, 0x16,
  0x10, 0x00, 0x00, 0x00, 0x14, 0x00, 0x00, 0x00, 0x03, 0x00, 0x00, 0x00,
  0x2C, 0xC1, 0xFF, 0xFF, 0x01, 0x00, 0x00, 0x00, 0x29, 0x00, 0x00, 0x00,
  0x02, 0x00, 0x00, 0x00, 0x28, 0x00, 0x00, 0x00, 0x03, 0x00, 0x00, 0x00,
  0x2E, 0xFF, 0xFF, 0xFF, 0x0C, 0x00, 0x00, 0x00, 0x10, 0x00, 0x00, 0x00,
  0x02, 0x00, 0x00, 0x00, 0x01, 0x00, 0x00, 0x00, 0x28, 0x00, 0x00, 0x00,
  0x02, 0x00, 0x00, 0x00, 0x27, 0x00, 0x00, 0x00, 0x02, 0x00, 0x00, 0x00,
  0x22, 0xFF, 0xFF, 0xFF, 0x20, 0x00, 0x00, 0x00, 0x00, 0x00, 0x00, 0x01,
  0x2C, 0x00, 0x00, 0x00, 0x30, 0x00, 0x00, 0x00, 0x01, 0x00, 0x00, 0x00,
  0x0C, 0x00, 0x14, 0x00, 0x13, 0x00, 0x0C, 0x00, 0x08, 0x00, 0x07, 0x00,
  0x0C, 0x00, 0x00, 0x00, 0x00, 0x00, 0x00, 0x01, 0x01, 0x00, 0x00, 0x00,
  0x01, 0x00, 0x00, 0x00, 0x00, 0x00, 0x00, 0x01, 0x01, 0x00, 0x00, 0x00,
  0x27, 0x00, 0x00, 0x00, 0x03, 0x00, 0x00, 0x00, 0x26, 0x00, 0x00, 0x00,
  0x1F, 0x00, 0x00, 0x00, 0x1E, 0x00, 0x00, 0x00, 0x16, 0xFF, 0xFF, 0xFF,
  0x10, 0x00, 0x00, 0x00, 0x00, 0x00, 0x00, 0x34, 0x0C, 0x00, 0x00, 0x00,
  0x10, 0x00, 0x00, 0x00, 0xCC, 0xC1, 0xFF, 0xFF, 0x01, 0x00, 0x00, 0x00,
  0x26, 0x00, 0x00, 0x00, 0x02, 0x00, 0x00, 0x00, 0x25, 0x00, 0x00, 0x00,
  0x01, 0x00, 0x00, 0x00, 0x9E, 0xFF, 0xFF, 0xFF, 0x14, 0x00, 0x00, 0x00,
  0x00, 0x00, 0x00, 0x16, 0x10, 0x00, 0x00, 0x00, 0x14, 0x00, 0x00, 0x00,
  0x03, 0x00, 0x00, 0x00, 0xFC, 0xC1, 0xFF, 0xFF, 0x01, 0x00, 0x00, 0x00,
  0x25, 0x00, 0x00, 0x00, 0x02, 0x00, 0x00, 0x00, 0x24, 0x00, 0x00, 0x00,
  0x03, 0x00, 0x00, 0x00, 0x00, 0x00, 0x0A, 0x00, 0x10, 0x00, 0x0C, 0x00,
  0x08, 0x00, 0x04, 0x00, 0x0A, 0x00, 0x00, 0x00, 0x0C, 0x00, 0x00, 0x00,
  0x10, 0x00, 0x00, 0x00, 0x02, 0x00, 0x00, 0x00, 0x01, 0x00, 0x00, 0x00,
  0x24, 0x00, 0x00, 0x00, 0x02, 0x00, 0x00, 0x00, 0x23, 0x00, 0x00, 0x00,
  0x02, 0x00, 0x00, 0x00, 0x00, 0x00, 0x0E, 0x00, 0x18, 0x00, 0x14, 0x00,
  0x10, 0x00, 0x0C, 0x00, 0x0B, 0x00, 0x04, 0x00, 0x0E, 0x00, 0x00, 0x00,
  0x20, 0x00, 0x00, 0x00, 0x00, 0x00, 0x00, 0x01, 0x28, 0x00, 0x00, 0x00,
  0x2C, 0x00, 0x00, 0x00, 0x01, 0x00, 0x00, 0x00, 0x0C, 0x00, 0x10, 0x00,
  0x00, 0x00, 0x0C, 0x00, 0x08, 0x00, 0x07, 0x00, 0x0C, 0x00, 0x00, 0x00,
  0x00, 0x00, 0x00, 0x01, 0x01, 0x00, 0x00, 0x00, 0x02, 0x00, 0x00, 0x00,
  0x01, 0x00, 0x00, 0x00, 0x23, 0x00, 0x00, 0x00, 0x03, 0x00, 0x00, 0x00,
  0x22, 0x00, 0x00, 0x00, 0x21, 0x00, 0x00, 0x00, 0x20, 0x00, 0x00, 0x00,
  0x00, 0x00, 0x0E, 0x00, 0x14, 0x00, 0x00, 0x00, 0x10, 0x00, 0x0C, 0x00,
  0x0B, 0x00, 0x04, 0x00, 0x0E, 0x00, 0x00, 0x00, 0x10, 0x00, 0x00, 0x00,
  0x00, 0x00, 0x00, 0x34, 0x0C, 0x00, 0x00, 0x00, 0x10, 0x00, 0x00, 0x00,
  0xC4, 0xC2, 0xFF, 0xFF, 0x01, 0x00, 0x00, 0x00, 0x22, 0x00, 0x00, 0x00,
  0x02, 0x00, 0x00, 0x00, 0x00, 0x00, 0x00, 0x00, 0x01, 0x00, 0x00, 0x00,
  0x01, 0x00, 0x00, 0x00, 0x4F, 0x00, 0x00, 0x00, 0x01, 0x00, 0x00, 0x00,
  0x00, 0x00, 0x00, 0x00, 0x50, 0x00, 0x00, 0x00, 0x48, 0x3D, 0x00, 0x00,
  0xF0, 0x3C, 0x00, 0x00, 0x98, 0x3C, 0x00, 0x00, 0x54, 0x3C, 0x00, 0x00,
  0x10, 0x3C, 0x00, 0x00, 0xD0, 0x3B, 0x00, 0x00, 0x8C, 0x3B, 0x00, 0x00,
  0x4C, 0x3B, 0x00, 0x00, 0x04, 0x3B, 0x00, 0x00, 0xC4, 0x3A, 0x00, 0x00,
  0x84, 0x3A, 0x00, 0x00, 0x24, 0x3A, 0x00, 0x00, 0x88, 0x39, 0x00, 0x00,
  0xE4, 0x38, 0x00, 0x00, 0x90, 0x37, 0x00, 0x00, 0x5C, 0x36, 0x00, 0x00,
  0xD0, 0x35, 0x00, 0x00, 0x94, 0x34, 0x00, 0x00, 0x08, 0x34, 0x00, 0x00,
  0xCC, 0x32, 0x00, 0x00, 0x40, 0x32, 0x00, 0x00, 0x04, 0x31, 0x00, 0x00,
  0x78, 0x30, 0x00, 0x00, 0x64, 0x2F, 0x00, 0x00, 0x50, 0x2E, 0x00, 0x00,
  0x3C, 0x2D, 0x00, 0x00, 0x28, 0x2C, 0x00, 0x00, 0xEC, 0x2A, 0x00, 0x00,
  0xF8, 0x28, 0x00, 0x00, 0xBC, 0x27, 0x00, 0x00, 0xC8, 0x25, 0x00, 0x00,
  0x8C, 0x24, 0x00, 0x00, 0xB8, 0x22, 0x00, 0x00, 0x84, 0x21, 0x00, 0x00,
  0xE0, 0x20, 0x00, 0x00, 0x9C, 0x1F, 0x00, 0x00, 0x84, 0x1E, 0x00, 0x00,
  0xF0, 0x1D, 0x00, 0x00, 0x48, 0x1D, 0x00, 0x00, 0xE4, 0x1B, 0x00, 0x00,
  0xB4, 0x1A, 0x00, 0x00, 0x20, 0x1A, 0x00, 0x00, 0x78, 0x19, 0x00, 0x00,
  0x14, 0x18, 0x00, 0x00, 0xE4, 0x16, 0x00, 0x00, 0x30, 0x16, 0x00, 0x00,
  0x9C, 0x15, 0x00, 0x00, 0xF8, 0x14, 0x00, 0x00, 0x50, 0x14, 0x00, 0x00,
  0xAC, 0x13, 0x00, 0x00, 0x0C, 0x13, 0x00, 0x00, 0x68, 0x12, 0x00, 0x00,
  0xA4, 0x11, 0x00, 0x00, 0x10, 0x11, 0x00, 0x00, 0x6C, 0x10, 0x00, 0x00,
  0xC4, 0x0F, 0x00, 0x00, 0x20, 0x0F, 0x00, 0x00, 0x80, 0x0E, 0x00, 0x00,
  0xDC, 0x0D, 0x00, 0x00, 0x18, 0x0D, 0x00, 0x00, 0x64, 0x0C, 0x00, 0x00,
  0xD0, 0x0B, 0x00, 0x00, 0x2C, 0x0B, 0x00, 0x00, 0x84, 0x0A, 0x00, 0x00,
  0xE0, 0x09, 0x00, 0x00, 0x40, 0x09, 0x00, 0x00, 0x9C, 0x08, 0x00, 0x00,
  0xD8, 0x07, 0x00, 0x00, 0x44, 0x07, 0x00, 0x00, 0xA0, 0x06, 0x00, 0x00,
  0xF8, 0x05, 0x00, 0x00, 0x54, 0x05, 0x00, 0x00, 0xB4, 0x04, 0x00, 0x00,
  0x10, 0x04, 0x00, 0x00, 0x4C, 0x03, 0x00, 0x00, 0x98, 0x02, 0x00, 0x00,
  0x18, 0x02, 0x00, 0x00, 0x3C, 0x01, 0x00, 0x00, 0x80, 0x00, 0x00, 0x00,
  0x04, 0x00, 0x00, 0x00, 0x0E, 0xC4, 0xFF, 0xFF, 0x00, 0x00, 0x00, 0x01,
  0x18, 0x00, 0x00, 0x00, 0x20, 0x00, 0x00, 0x00, 0x3C, 0x00, 0x00, 0x00,
  0x50, 0x00, 0x00, 0x00, 0x00, 0x00, 0x00, 0x09, 0x50, 0x00, 0x00, 0x00,
  0x02, 0x00, 0x00, 0x00, 0xFF, 0xFF, 0xFF, 0xFF, 0x04, 0x00, 0x00, 0x00,
  0xF4, 0xC3, 0xFF, 0xFF, 0x08, 0x00, 0x00, 0x00, 0x10, 0x00, 0x00, 0x00,
  0x01, 0x00, 0x00, 0x00, 0x80, 0xFF, 0xFF, 0xFF, 0xFF, 0xFF, 0xFF, 0xFF,
  0x01, 0x00, 0x00, 0x00, 0x00, 0x00, 0x80, 0x3B, 0x19, 0x00, 0x00, 0x00,
  0x53, 0x74, 0x61, 0x74, 0x65, 0x66, 0x75, 0x6C, 0x50, 0x61, 0x72, 0x74,
  0x69, 0x74, 0x69, 0x6F, 0x6E, 0x65, 0x64, 0x43, 0x61, 0x6C, 0x6C, 0x3A,
  0x30, 0x00, 0x00, 0x00, 0x02, 0x00, 0x00, 0x00, 0x01, 0x00, 0x00, 0x00,
  0x04, 0x00, 0x00, 0x00, 0x86, 0xC4, 0xFF, 0xFF, 0x00, 0x00, 0x00, 0x01,
  0x18, 0x00, 0x00, 0x00, 0x20, 0x00, 0x00, 0x00, 0x40, 0x00, 0x00, 0x00,
  0x4F, 0x00, 0x00, 0x00, 0x00, 0x00, 0x00, 0x09, 0x90, 0x00, 0x00, 0x00,
  0x02, 0x00, 0x00, 0x00, 0xFF, 0xFF, 0xFF, 0xFF, 0x04, 0x00, 0x00, 0x00,
  0x6C, 0xC4, 0xFF, 0xFF, 0x08, 0x00, 0x00, 0x00, 0x14, 0x00, 0x00, 0x00,
  0x01, 0x00, 0x00, 0x00, 0x59, 0x00, 0x00, 0x00, 0x00, 0x00, 0x00, 0x00,
  0x00, 0x00, 0x00, 0x00, 0x01, 0x00, 0x00, 0x00, 0x9C, 0x01, 0xA1, 0x3E,
  0x54, 0x00, 0x00, 0x00, 0x53, 0x49, 0x4D, 0x44, 0x5F, 0x54, 0x43, 0x4E,
  0x5F, 0x4D, 0x79, 0x6F, 0x54, 0x65, 0x6E, 0x73, 0x6F, 0x72, 0x2F, 0x6F,
  0x75, 0x74, 0x70, 0x75, 0x74, 0x5F, 0x67, 0x65, 0x73, 0x74, 0x75, 0x72,
  0x65, 0x73, 0x2F, 0x4D, 0x61, 0x74, 0x4D, 0x75, 0x6C, 0x3B, 0x53, 0x49,
  0x4D, 0x44, 0x5F, 0x54, 0x43, 0x4E, 0x5F, 0x4D, 0x79, 0x6F, 0x54, 0x65,
  0x6E, 0x73, 0x6F, 0x72, 0x2F, 0x6F, 0x75, 0x74, 0x70, 0x75, 0x74, 0x5F,
  0x67, 0x65, 0x73, 0x74, 0x75, 0x72, 0x65, 0x73, 0x2F, 0x42, 0x69, 0x61,
  0x73, 0x41, 0x64, 0x64, 0x00, 0x00, 0x00, 0x00, 0x02, 0x00, 0x00, 0x00,
  0x01, 0x00, 0x00, 0x00, 0x04, 0x00, 0x00, 0x00, 0x3E, 0xC5, 0xFF, 0xFF,
  0x00, 0x00, 0x00, 0x01, 0x18, 0x00, 0x00, 0x00, 0x20, 0x00, 0x00, 0x00,
  0x3C, 0x00, 0x00, 0x00, 0x4E, 0x00, 0x00, 0x00, 0x00, 0x00, 0x00, 0x09,
  0xB0, 0x00, 0x00, 0x00, 0x02, 0x00, 0x00, 0x00, 0xFF, 0xFF, 0xFF, 0xFF,
  0x10, 0x00, 0x00, 0x00, 0x24, 0xC5, 0xFF, 0xFF, 0x08, 0x00, 0x00, 0x00,
  0x10, 0x00, 0x00, 0x00, 0x01, 0x00, 0x00, 0x00, 0x80, 0xFF, 0xFF, 0xFF,
  0xFF, 0xFF, 0xFF, 0xFF, 0x01, 0x00, 0x00, 0x00, 0xE9, 0x77, 0x31, 0x3E,
  0x79, 0x00, 0x00, 0x00, 0x53, 0x49, 0x4D, 0x44, 0x5F, 0x54, 0x43, 0x4E,
  0x5F, 0x4D, 0x79, 0x6F, 0x54, 0x65, 0x6E, 0x73, 0x6F, 0x72, 0x2F, 0x64,
  0x65, 0x6E, 0x73, 0x65, 0x5F, 0x66, 0x65, 0x61, 0x74, 0x75, 0x72, 0x65,
  0x73, 0x2F, 0x4D, 0x61, 0x74, 0x4D, 0x75, 0x6C, 0x3B, 0x53, 0x49, 0x4D,
  0x44, 0x5F, 0x54, 0x43, 0x4E, 0x5F, 0x4D, 0x79, 0x6F, 0x54, 0x65, 0x6E,
  0x73, 0x6F, 0x72, 0x2F, 0x64, 0x65, 0x6E, 0x73, 0x65, 0x5F, 0x66, 0x65,
  0x61, 0x74, 0x75, 0x72, 0x65, 0x73, 0x2F, 0x52, 0x65, 0x6C, 0x75, 0x3B,
  0x53, 0x49, 0x4D, 0x44, 0x5F, 0x54, 0x43, 0x4E, 0x5F, 0x4D, 0x79, 0x6F,
  0x54, 0x65, 0x6E, 0x73, 0x6F, 0x72, 0x2F, 0x64, 0x65, 0x6E, 0x73, 0x65,
  0x5F, 0x66, 0x65, 0x61, 0x74, 0x75, 0x72, 0x65, 0x73, 0x2F, 0x42, 0x69,
  0x61, 0x73, 0x41, 0x64, 0x64, 0x00, 0x00, 0x00, 0x02, 0x00, 0x00, 0x00,
  0x01, 0x00, 0x00, 0x00, 0x10, 0x00, 0x00, 0x00, 0x16, 0xC6, 0xFF, 0xFF,
  0x00, 0x00, 0x00, 0x01, 0x18, 0x00, 0x00, 0x00, 0x20, 0x00, 0x00, 0x00,
  0x3C, 0x00, 0x00, 0x00, 0x4D, 0x00, 0x00, 0x00, 0x00, 0x00, 0x00, 0x09,
  0x54, 0x00, 0x00, 0x00, 0x02, 0x00, 0x00, 0x00, 0xFF, 0xFF, 0xFF, 0xFF,
  0x10, 0x00, 0x00, 0x00, 0xFC, 0xC5, 0xFF, 0xFF, 0x08, 0x00, 0x00, 0x00,
  0x10, 0x00, 0x00, 0x00, 0x01, 0x00, 0x00, 0x00, 0x80, 0xFF, 0xFF, 0xFF,
  0xFF, 0xFF, 0xFF, 0xFF, 0x01, 0x00, 0x00, 0x00, 0x41, 0xEE, 0x32, 0x3E,
  0x1F, 0x00, 0x00, 0x00, 0x53, 0x49, 0x4D, 0x44, 0x5F, 0x54, 0x43, 0x4E,
  0x5F, 0x4D, 0x79, 0x6F, 0x54, 0x65, 0x6E, 0x73, 0x6F, 0x72, 0x2F, 0x74,
  0x63, 0x6E, 0x5F, 0x67, 0x61, 0x70, 0x2F, 0x4D, 0x65, 0x61, 0x6E, 0x00,
  0x02, 0x00, 0x00, 0x00, 0x01, 0x00, 0x00, 0x00, 0x10, 0x00, 0x00, 0x00,
  0x92, 0xC6, 0xFF, 0xFF, 0x00, 0x00, 0x00, 0x01, 0x18, 0x00, 0x00, 0x00,
  0x24, 0x00, 0x00, 0x00, 0x44, 0x00, 0x00, 0x00, 0x4C, 0x00, 0x00, 0x00,
  0x00, 0x00, 0x00, 0x09, 0x84, 0x00, 0x00, 0x00, 0x03, 0x00, 0x00, 0x00,
  0xFF, 0xFF, 0xFF, 0xFF, 0x64, 0x00, 0x00, 0x00, 0x10, 0x00, 0x00, 0x00,
  0x7C, 0xC6, 0xFF, 0xFF, 0x08, 0x00, 0x00, 0x00, 0x14, 0x00, 0x00, 0x00,
  0x01, 0x00, 0x00, 0x00, 0x80, 0xFF, 0xFF, 0xFF, 0xFF, 0xFF, 0xFF, 0xFF,
  0x00, 0x00, 0x00, 0x00, 0x01, 0x00, 0x00, 0x00, 0x2B, 0x94, 0xF2, 0x3E,
  0x46, 0x00, 0x00, 0x00, 0x53, 0x49, 0x4D, 0x44, 0x5F, 0x54, 0x43, 0x4E,
  0x5F, 0x4D, 0x79, 0x6F, 0x54, 0x65, 0x6E, 0x73, 0x6F, 0x72, 0x2F, 0x74,
  0x63, 0x6E, 0x5F, 0x6F, 0x75, 0x74, 0x5F, 0x61, 0x63, 0x74, 0x5F, 0x33,
  0x2F, 0x52, 0x65, 0x6C, 0x75, 0x3B, 0x53, 0x49, 0x4D, 0x44, 0x5F, 0x54,
  0x43, 0x4E, 0x5F, 0x4D, 0x79, 0x6F, 0x54, 0x65, 0x6E, 0x73, 0x6F, 0x72,
  0x2F, 0x74, 0x63, 0x6E, 0x5F, 0x61, 0x64, 0x64, 0x5F, 0x33, 0x2F, 0x61,
  0x64, 0x64, 0x00, 0x00, 0x03, 0x00, 0x00, 0x00, 0x01, 0x00, 0x00, 0x00,
  0x64, 0x00, 0x00, 0x00, 0x10, 0x00, 0x00, 0x00, 0x42, 0xC7, 0xFF, 0xFF,
  0x00, 0x00, 0x00, 0x01, 0x18, 0x00, 0x00, 0x00, 0x24, 0x00, 0x00, 0x00,
  0x44, 0x00, 0x00, 0x00, 0x4B, 0x00, 0x00, 0x00, 0x00, 0x00, 0x00, 0x09,
  0x94, 0x00, 0x00, 0x00, 0x03, 0x00, 0x00, 0x00, 0xFF, 0xFF, 0xFF, 0xFF,
  0x64, 0x00, 0x00, 0x00, 0x10, 0x00, 0x00, 0x00, 0x2C, 0xC7, 0xFF, 0xFF,
  0x08, 0x00, 0x00, 0x00, 0x14, 0x00, 0x00, 0x00, 0x01, 0x00, 0x00, 0x00,
  0x80, 0xFF, 0xFF, 0xFF, 0xFF, 0xFF, 0xFF, 0xFF, 0x00, 0x00, 0x00, 0x00,
  0x01, 0x00, 0x00, 0x00, 0x2B, 0x94, 0xF2, 0x3E, 0x56, 0x00, 0x00, 0x00,
  0x53, 0x49, 0x4D, 0x44, 0x5F, 0x54, 0x43, 0x4E, 0x5F, 0x4D, 0x79, 0x6F,
  0x54, 0x65, 0x6E, 0x73, 0x6F, 0x72, 0x2F, 0x74, 0x63, 0x6E, 0x5F, 0x63,
  0x6F, 0x6E, 0x76, 0x31, 0x64, 0x5F, 0x62, 0x5F, 0x33, 0x5F, 0x64, 0x34,
  0x2F, 0x52, 0x65, 0x6C, 0x75, 0x3B, 0x53, 0x49, 0x4D, 0x44, 0x5F, 0x54,
  0x43, 0x4E, 0x5F, 0x4D, 0x79, 0x6F, 0x54, 0x65, 0x6E, 0x73, 0x6F, 0x72,
  0x2F, 0x74, 0x63, 0x6E, 0x5F, 0x63, 0x6F, 0x6E, 0x76, 0x31, 0x64, 0x5F,
  0x62, 0x5F, 0x33, 0x5F, 0x64, 0x34, 0x2F, 0x42, 0x69, 0x61, 0x73, 0x41,
  0x64, 0x64, 0x00, 0x00, 0x03, 0x00, 0x00, 0x00, 0x01, 0x00, 0x00, 0x00,
  0x64, 0x00, 0x00, 0x00, 0x10, 0x00, 0x00, 0x00, 0x02, 0xC8, 0xFF, 0xFF,
  0x00, 0x00, 0x00, 0x01, 0x18, 0x00, 0x00, 0x00, 0x24, 0x00, 0x00, 0x00,
  0x40, 0x00, 0x00, 0x00, 0x4A, 0x00, 0x00, 0x00, 0x00, 0x00, 0x00, 0x09,
  0x74, 0x00, 0x00, 0x00, 0x03, 0x00, 0x00, 0x00, 0xFF, 0xFF, 0xFF, 0xFF,
  0x64, 0x00, 0x00, 0x00, 0x10, 0x00, 0x00, 0x00, 0xEC, 0xC7, 0xFF, 0xFF,
  0x08, 0x00, 0x00, 0x00, 0x10, 0x00, 0x00, 0x00, 0x01, 0x00, 0x00, 0x00,
  0xE7, 0xFF, 0xFF, 0xFF, 0xFF, 0xFF, 0xFF, 0xFF, 0x01, 0x00, 0x00, 0x00,
  0x28, 0xEC, 0x22, 0x3F, 0x3A, 0x00, 0x00, 0x00, 0x53, 0x49, 0x4D, 0x44,
  0x5F, 0x54, 0x43, 0x4E, 0x5F, 0x4D, 0x79, 0x6F, 0x54, 0x65, 0x6E, 0x73,
  0x6F, 0x72, 0x2F, 0x74, 0x63, 0x6E, 0x5F, 0x63, 0x6F, 0x6E, 0x76, 0x31,
  0x64, 0x5F, 0x62, 0x5F, 0x33, 0x5F, 0x64, 0x34, 0x2F, 0x43, 0x6F, 0x6E,
  0x76, 0x31, 0x44, 0x2F, 0x42, 0x61, 0x74, 0x63, 0x68, 0x54, 0x6F, 0x53,
  0x70, 0x61, 0x63, 0x65, 0x4E, 0x44, 0x00, 0x00, 0x03, 0x00, 0x00, 0x00,
  0x01, 0x00, 0x00, 0x00, 0x64, 0x00, 0x00, 0x00, 0x10, 0x00, 0x00, 0x00,
  0xA2, 0xC8, 0xFF, 0xFF, 0x00, 0x00, 0x00, 0x01, 0x18, 0x00, 0x00, 0x00,
  0x24, 0x00, 0x00, 0x00, 0x44, 0x00, 0x00, 0x00, 0x49, 0x00, 0x00, 0x00,
  0x00, 0x00, 0x00, 0x09, 0x70, 0x00, 0x00, 0x00, 0x03, 0x00, 0x00, 0x00,
  0xFF, 0xFF, 0xFF, 0xFF, 0x19, 0x00, 0x00, 0x00, 0x10, 0x00, 0x00, 0x00,
  0x8C, 0xC8, 0xFF, 0xFF, 0x08, 0x00, 0x00, 0x00, 0x14, 0x00, 0x00, 0x00,
  0x01, 0x00, 0x00, 0x00, 0xE7, 0xFF, 0xFF, 0xFF, 0xFF, 0xFF, 0xFF, 0xFF,
  0x00, 0x00, 0x00, 0x00, 0x01, 0x00, 0x00, 0x00, 0x28, 0xEC, 0x22, 0x3F,
  0x33, 0x00, 0x00, 0x00, 0x53, 0x49, 0x4D, 0x44, 0x5F, 0x54, 0x43, 0x4E,
  0x5F, 0x4D, 0x79, 0x6F, 0x54, 0x65, 0x6E, 0x73, 0x6F, 0x72, 0x2F, 0x74,
  0x63, 0x6E, 0x5F, 0x63, 0x6F, 0x6E, 0x76, 0x31, 0x64, 0x5F, 0x62, 0x5F,
  0x33, 0x5F, 0x64, 0x34, 0x2F, 0x43, 0x6F, 0x6E, 0x76, 0x31, 0x44, 0x2F,
  0x53, 0x71, 0x75, 0x65, 0x65, 0x7A, 0x65, 0x00, 0x03, 0x00, 0x00, 0x00,
  0x01, 0x00, 0x00, 0x00, 0x19, 0x00, 0x00, 0x00, 0x10, 0x00, 0x00, 0x00,
  0x3E, 0xC9, 0xFF, 0xFF, 0x00, 0x00, 0x00, 0x01, 0x18, 0x00, 0x00, 0x00,
  0x28, 0x00, 0x00, 0x00, 0x48, 0x00, 0x00, 0x00, 0x48, 0x00, 0x00, 0x00,
  0x00, 0x00, 0x00, 0x09, 0x70, 0x00, 0x00, 0x00, 0x04, 0x00, 0x00, 0x00,
  0xFF, 0xFF, 0xFF, 0xFF, 0x01, 0x00, 0x00, 0x00, 0x19, 0x00, 0x00, 0x00,
  0x10, 0x00, 0x00, 0x00, 0x2C, 0xC9, 0xFF, 0xFF, 0x08, 0x00, 0x00, 0x00,
  0x14, 0x00, 0x00, 0x00, 0x01, 0x00, 0x00, 0x00, 0xE7, 0xFF, 0xFF, 0xFF,
  0xFF, 0xFF, 0xFF, 0xFF, 0x00, 0x00, 0x00, 0x00, 0x01, 0x00, 0x00, 0x00,
  0x28, 0xEC, 0x22, 0x3F, 0x2C, 0x00, 0x00, 0x00, 0x53, 0x49, 0x4D, 0x44,
  0x5F, 0x54, 0x43, 0x4E, 0x5F, 0x4D, 0x79, 0x6F, 0x54, 0x65, 0x6E, 0x73,
  0x6F, 0x72, 0x2F, 0x74, 0x63, 0x6E, 0x5F, 0x63, 0x6F, 0x6E, 0x76, 0x31,
  0x64, 0x5F, 0x62, 0x5F, 0x33, 0x5F, 0x64, 0x34, 0x2F, 0x43, 0x6F, 0x6E,
  0x76, 0x31, 0x44, 0x31, 0x00, 0x00, 0x00, 0x00, 0x04, 0x00, 0x00, 0x00,
  0x01, 0x00, 0x00, 0x00, 0x01, 0x00, 0x00, 0x00, 0x19, 0x00, 0x00, 0x00,
  0x10, 0x00, 0x00, 0x00, 0xDE, 0xC9, 0xFF, 0xFF, 0x00, 0x00, 0x00, 0x01,
  0x18, 0x00, 0x00, 0x00, 0x28, 0x00, 0x00, 0x00, 0x44, 0x00, 0x00, 0x00,
  0x47, 0x00, 0x00, 0x00, 0x00, 0x00, 0x00, 0x09, 0x74, 0x00, 0x00, 0x00,
  0x04, 0x00, 0x00, 0x00, 0xFF, 0xFF, 0xFF, 0xFF, 0x01, 0x00, 0x00, 0x00,
  0x1B, 0x00, 0x00, 0x00, 0x10, 0x00, 0x00, 0x00, 0xCC, 0xC9, 0xFF, 0xFF,
  0x08, 0x00, 0x00, 0x00, 0x10, 0x00, 0x00, 0x00, 0x01, 0x00, 0x00, 0x00,
  0x80, 0xFF, 0xFF, 0xFF, 0xFF, 0xFF, 0xFF, 0xFF, 0x01, 0x00, 0x00, 0x00,
  0x7B, 0xDF, 0xCA, 0x3E, 0x36, 0x00, 0x00, 0x00, 0x53, 0x49, 0x4D, 0x44,
  0x5F, 0x54, 0x43, 0x4E, 0x5F, 0x4D, 0x79, 0x6F, 0x54, 0x65, 0x6E, 0x73,
  0x6F, 0x72, 0x2F, 0x74, 0x63, 0x6E, 0x5F, 0x63, 0x6F, 0x6E, 0x76, 0x31,
  0x64, 0x5F, 0x62, 0x5F, 0x33, 0x5F, 0x64, 0x34, 0x2F, 0x43, 0x6F, 0x6E,
  0x76, 0x31, 0x44, 0x2F, 0x45, 0x78, 0x70, 0x61, 0x6E, 0x64, 0x44, 0x69,
  0x6D, 0x73, 0x00, 0x00, 0x04, 0x00, 0x00, 0x00, 0x01, 0x00, 0x00, 0x00,
  0x01, 0x00, 0x00, 0x00, 0x1B, 0x00, 0x00, 0x00, 0x10, 0x00, 0x00, 0x00,
  0x82, 0xCA, 0xFF, 0xFF, 0x00, 0x00, 0x00, 0x01, 0x18, 0x00, 0x00, 0x00,
  0x24, 0x00, 0x00, 0x00, 0x40, 0x00, 0x00, 0x00, 0x46, 0x00, 0x00, 0x00,
  0x00, 0x00, 0x00, 0x09, 0x74, 0x00, 0x00, 0x00, 0x03, 0x00, 0x00, 0x00,
  0xFF, 0xFF, 0xFF, 0xFF, 0x1B, 0x00, 0x00, 0x00, 0x10, 0x00, 0x00, 0x00,
  0x6C, 0xCA, 0xFF, 0xFF, 0x08, 0x00, 0x00, 0x00, 0x10, 0x00, 0x00, 0x00,
  0x01, 0x00, 0x00, 0x00, 0x80, 0xFF, 0xFF, 0xFF, 0xFF, 0xFF, 0xFF, 0xFF,
  0x01, 0x00, 0x00, 0x00, 0x7B, 0xDF, 0xCA, 0x3E, 0x3A, 0x00, 0x00, 0x00,
  0x53, 0x49, 0x4D, 0x44, 0x5F, 0x54, 0x43, 0x4E, 0x5F, 0x4D, 0x79, 0x6F,
  0x54, 0x65, 0x6E, 0x73, 0x6F, 0x72, 0x2F, 0x74, 0x63, 0x6E, 0x5F, 0x63,
  0x6F, 0x6E, 0x76, 0x31, 0x64, 0x5F, 0x62, 0x5F, 0x33, 0x5F, 0x64, 0x34,
  0x2F, 0x43, 0x6F, 0x6E, 0x76, 0x31, 0x44, 0x2F, 0x53, 0x70, 0x61, 0x63,
  0x65, 0x54, 0x6F, 0x42, 0x61, 0x74, 0x63, 0x68, 0x4E, 0x44, 0x00, 0x00,
  0x03, 0x00, 0x00, 0x00, 0x01, 0x00, 0x00, 0x00, 0x1B, 0x00, 0x00, 0x00,
  0x10, 0x00, 0x00, 0x00, 0x22, 0xCB, 0xFF, 0xFF, 0x00, 0x00, 0x00, 0x01,
  0x18, 0x00, 0x00, 0x00, 0x24, 0x00, 0x00, 0x00, 0x40, 0x00, 0x00, 0x00,
  0x45, 0x00, 0x00, 0x00, 0x00, 0x00, 0x00, 0x09, 0x64, 0x00, 0x00, 0x00,
  0x03, 0x00, 0x00, 0x00, 0xFF, 0xFF, 0xFF, 0xFF, 0x6C, 0x00, 0x00, 0x00,
  0x10, 0x00, 0x00, 0x00, 0x0C, 0xCB, 0xFF, 0xFF, 0x08, 0x00, 0x00, 0x00,
  0x10, 0x00, 0x00, 0x00, 0x01, 0x00, 0x00, 0x00, 0x80, 0xFF, 0xFF, 0xFF,
  0xFF, 0xFF, 0xFF, 0xFF, 0x01, 0x00, 0x00, 0x00, 0x7B, 0xDF, 0xCA, 0x3E,
  0x28, 0x00, 0x00, 0x00, 0x53, 0x49, 0x4D, 0x44, 0x5F, 0x54, 0x43, 0x4E,
  0x5F, 0x4D, 0x79, 0x6F, 0x54, 0x65, 0x6E, 0x73, 0x6F, 0x72, 0x2F, 0x74,
  0x63, 0x6E, 0x5F, 0x63, 0x6F, 0x6E, 0x76, 0x31, 0x64, 0x5F, 0x62, 0x5F,
  0x33, 0x5F, 0x64, 0x34, 0x2F, 0x50, 0x61, 0x64, 0x00, 0x00, 0x00, 0x00,
  0x03, 0x00, 0x00, 0x00, 0x01, 0x00, 0x00, 0x00, 0x6C, 0x00, 0x00, 0x00,
  0x10, 0x00, 0x00, 0x00, 0xB2, 0xCB, 0xFF, 0xFF, 0x00, 0x00, 0x00, 0x01,
  0x18, 0x00, 0x00, 0x00, 0x24, 0x00, 0x00, 0x00, 0x44, 0x00, 0x00, 0x00,
  0x44, 0x00, 0x00, 0x00, 0x00, 0x00, 0x00, 0x09, 0x94, 0x00, 0x00, 0x00,
  0x03, 0x00, 0x00, 0x00, 0xFF, 0xFF, 0xFF, 0xFF, 0x64, 0x00, 0x00, 0x00,
  0x10, 0x00, 0x00, 0x00, 0x9C, 0xCB, 0xFF, 0xFF, 0x08, 0x00, 0x00, 0x00,
  0x14, 0x00, 0x00, 0x00, 0x01, 0x00, 0x00, 0x00, 0x80, 0xFF, 0xFF, 0xFF,
  0xFF, 0xFF, 0xFF, 0xFF, 0x00, 0x00, 0x00, 0x00, 0x01, 0x00, 0x00, 0x00,
  0x7B, 0xDF, 0xCA, 0x3E, 0x56, 0x00, 0x00, 0x00, 0x53, 0x49, 0x4D, 0x44,
  0x5F, 0x54, 0x43, 0x4E, 0x5F, 0x4D, 0x79, 0x6F, 0x54, 0x65, 0x6E, 0x73,
  0x6F, 0x72, 0x2F, 0x74, 0x63, 0x6E, 0x5F, 0x63, 0x6F, 0x6E, 0x76, 0x31,
  0x64, 0x5F, 0x61, 0x5F, 0x33, 0x5F, 0x64, 0x34, 0x2F, 0x52, 0x65, 0x6C,
  0x75, 0x3B, 0x53, 0x49, 0x4D, 0x44, 0x5F, 0x54, 0x43, 0x4E, 0x5F, 0x4D,
  0x79, 0x6F, 0x54, 0x65, 0x6E, 0x73, 0x6F, 0x72, 0x2F, 0x74, 0x63, 0x6E,
  0x5F, 0x63, 0x6F, 0x6E, 0x76, 0x31, 0x64, 0x5F, 0x61, 0x5F, 0x33, 0x5F,
  0x64, 0x34, 0x2F, 0x42, 0x69, 0x61, 0x73, 0x41, 0x64, 0x64, 0x00, 0x00,
  0x03, 0x00, 0x00, 0x00, 0x01, 0x00, 0x00, 0x00, 0x64, 0x00, 0x00, 0x00,
  0x10, 0x00, 0x00, 0x00, 0x72, 0xCC, 0xFF, 0xFF, 0x00, 0x00, 0x00, 0x01,
  0x18, 0x00, 0x00, 0x00, 0x24, 0x00, 0x00, 0x00, 0x40, 0x00, 0x00, 0x00,
  0x43, 0x00, 0x00, 0x00, 0x00, 0x00, 0x00, 0x09, 0x74, 0x00, 0x00, 0x00,
  0x03, 0x00, 0x00, 0x00, 0xFF, 0xFF, 0xFF, 0xFF, 0x64, 0x00, 0x00, 0x00,
  0x10, 0x00, 0x00, 0x00, 0x5C, 0xCC, 0xFF, 0xFF, 0x08, 0x00, 0x00, 0x00,
  0x10, 0x00, 0x00, 0x00, 0x01, 0x00, 0x00, 0x00, 0xE0, 0xFF, 0xFF, 0xFF,
  0xFF, 0xFF, 0xFF, 0xFF, 0x01, 0x00, 0x00, 0x00, 0x76, 0xDF, 0x22, 0x3F,
  0x3A, 0x00, 0x00, 0x00, 0x53, 0x49, 0x4D, 0x44, 0x5F, 0x54, 0x43, 0x4E,
  0x5F, 0x4D, 0x79, 0x6F, 0x54, 0x65, 0x6E, 0x73, 0x6F, 0x72, 0x2F, 0x74,
  0x63, 0x6E, 0x5F, 0x63, 0x6F, 0x6E, 0x76, 0x31, 0x64, 0x5F, 0x61, 0x5F,
  0x33, 0x5F, 0x64, 0x34, 0x2F, 0x43, 0x6F, 0x6E, 0x76, 0x31, 0x44, 0x2F,
  0x42, 0x61, 0x74, 0x63, 0x68, 0x54, 0x6F, 0x53, 0x70, 0x61, 0x63, 0x65,
  0x4E, 0x44, 0x00, 0x00, 0x03, 0x00, 0x00, 0x00, 0x01, 0x00, 0x00, 0x00,
  0x64, 0x00, 0x00, 0x00, 0x10, 0x00, 0x00, 0x00, 0x12, 0xCD, 0xFF, 0xFF,
  0x00, 0x00, 0x00, 0x01, 0x18, 0x00, 0x00, 0x00, 0x24, 0x00, 0x00, 0x00,
  0x44, 0x00, 0x00, 0x00, 0x42, 0x00, 0x00, 0x00, 0x00, 0x00, 0x00, 0x09,
  0x70, 0x00, 0x00, 0x00, 0x03, 0x00, 0x00, 0x00, 0xFF, 0xFF, 0xFF, 0xFF,
  0x19, 0x00, 0x00, 0x00, 0x10, 0x00, 0x00, 0x00, 0xFC, 0xCC, 0xFF, 0xFF,
  0x08, 0x00, 0x00, 0x00, 0x14, 0x00, 0x00, 0x00, 0x01, 0x00, 0x00, 0x00,
  0xE0, 0xFF, 0xFF, 0xFF, 0xFF, 0xFF, 0xFF, 0xFF, 0x00, 0x00, 0x00, 0x00,
  0x01, 0x00, 0x00, 0x00, 0x76, 0xDF, 0x22, 0x3F, 0x33, 0x00, 0x00, 0x00,
  0x53, 0x49, 0x4D, 0x44, 0x5F, 0x54, 0x43, 0x4E, 0x5F, 0x4D, 0x79, 0x6F,
  0x54, 0x65, 0x6E, 0x73, 0x6F, 0x72, 0x2F, 0x74, 0x63, 0x6E, 0x5F, 0x63,
  0x6F, 0x6E, 0x76, 0x31, 0x64, 0x5F, 0x61, 0x5F, 0x33, 0x5F, 0x64, 0x34,
  0x2F, 0x43, 0x6F, 0x6E, 0x76, 0x31, 0x44, 0x2F, 0x53, 0x71, 0x75, 0x65,
  0x65, 0x7A, 0x65, 0x00, 0x03, 0x00, 0x00, 0x00, 0x01, 0x00, 0x00, 0x00,
  0x19, 0x00, 0x00, 0x00, 0x10, 0x00, 0x00, 0x00, 0xAE, 0xCD, 0xFF, 0xFF,
  0x00, 0x00, 0x00, 0x01, 0x18, 0x00, 0x00, 0x00, 0x28, 0x00, 0x00, 0x00,
  0x48, 0x00, 0x00, 0x00, 0x41, 0x00, 0x00, 0x00, 0x00, 0x00, 0x00, 0x09,
  0x70, 0x00, 0x00, 0x00, 0x04, 0x00, 0x00, 0x00, 0xFF, 0xFF, 0xFF, 0xFF,
  0x01, 0x00, 0x00, 0x00, 0x19, 0x00, 0x00, 0x00, 0x10, 0x00, 0x00, 0x00,
  0x9C, 0xCD, 0xFF, 0xFF, 0x08, 0x00, 0x00, 0x00, 0x14, 0x00, 0x00, 0x00,
  0x01, 0x00, 0x00, 0x00, 0xE0, 0xFF, 0xFF, 0xFF, 0xFF, 0xFF, 0xFF, 0xFF,
  0x00, 0x00, 0x00, 0x00, 0x01, 0x00, 0x00, 0x00, 0x76, 0xDF, 0x22, 0x3F,
  0x2C, 0x00, 0x00, 0x00, 0x53, 0x49, 0x4D, 0x44, 0x5F, 0x54, 0x43, 0x4E,
  0x5F, 0x4D, 0x79, 0x6F, 0x54, 0x65, 0x6E, 0x73, 0x6F, 0x72, 0x2F, 0x74,
  0x63, 0x6E, 0x5F, 0x63, 0x6F, 0x6E, 0x76, 0x31, 0x64, 0x5F, 0x61, 0x5F,
  0x33, 0x5F, 0x64, 0x34, 0x2F, 0x43, 0x6F, 0x6E, 0x76, 0x31, 0x44, 0x31,
  0x00, 0x00, 0x00, 0x00, 0x04, 0x00, 0x00, 0x00, 0x01, 0x00, 0x00, 0x00,
  0x01, 0x00, 0x00, 0x00, 0x19, 0x00, 0x00, 0x00, 0x10, 0x00, 0x00, 0x00,
  0x4E, 0xCE, 0xFF, 0xFF, 0x00, 0x00, 0x00, 0x01, 0x18, 0x00, 0x00, 0x00,
  0x28, 0x00, 0x00, 0x00, 0x44, 0x00, 0x00, 0x00, 0x40, 0x00, 0x00, 0x00,
  0x00, 0x00, 0x00, 0x09, 0x74, 0x00, 0x00, 0x00, 0x04, 0x00, 0x00, 0x00,
  0xFF, 0xFF, 0xFF, 0xFF, 0x01, 0x00, 0x00, 0x00, 0x1B, 0x00, 0x00, 0x00,
  0x10, 0x00, 0x00, 0x00, 0x3C, 0xCE, 0xFF, 0xFF, 0x08, 0x00, 0x00, 0x00,
  0x10, 0x00, 0x00, 0x00, 0x01, 0x00, 0x00, 0x00, 0x80, 0xFF, 0xFF, 0xFF,
  0xFF, 0xFF, 0xFF, 0xFF, 0x01, 0x00, 0x00, 0x00, 0xE3, 0x42, 0x8E, 0x3E,
  0x36, 0x00, 0x00, 0x00, 0x53, 0x49, 0x4D, 0x44, 0x5F, 0x54, 0x43, 0x4E,
  0x5F, 0x4D, 0x79, 0x6F, 0x54, 0x65, 0x6E, 0x73, 0x6F, 0x72, 0x2F, 0x74,
  0x63, 0x6E, 0x5F, 0x63, 0x6F, 0x6E, 0x76, 0x31, 0x64, 0x5F, 0x61, 0x5F,
  0x33, 0x5F, 0x64, 0x34, 0x2F, 0x43, 0x6F, 0x6E, 0x76, 0x31, 0x44, 0x2F,
  0x45, 0x78, 0x70, 0x61, 0x6E, 0x64, 0x44, 0x69, 0x6D, 0x73, 0x00, 0x00,
  0x04, 0x00, 0x00, 0x00, 0x01, 0x00, 0x00, 0x00, 0x01, 0x00, 0x00, 0x00,
  0x1B, 0x00, 0x00, 0x00, 0x10, 0x00, 0x00, 0x00, 0xF2, 0xCE, 0xFF, 0xFF,
  0x00, 0x00, 0x00, 0x01, 0x18, 0x00, 0x00, 0x00, 0x24, 0x00, 0x00, 0x00,
  0x40, 0x00, 0x00, 0x00, 0x3F, 0x00, 0x00, 0x00, 0x00, 0x00, 0x00, 0x09,
  0x74, 0x00, 0x00, 0x00, 0x03, 0x00, 0x00, 0x00, 0xFF, 0xFF, 0xFF, 0xFF,
  0x1B, 0x00, 0x00, 0x00, 0x10, 0x00, 0x00, 0x00, 0xDC, 0xCE, 0xFF, 0xFF,
  0x08, 0x00, 0x00, 0x00, 0x10, 0x00, 0x00, 0x00, 0x01, 0x00, 0x00, 0x00,
  0x80, 0xFF, 0xFF, 0xFF, 0xFF, 0xFF, 0xFF, 0xFF, 0x01, 0x00, 0x00, 0x00,
  0xE3, 0x42, 0x8E, 0x3E, 0x3A, 0x00, 0x00, 0x00, 0x53, 0x49, 0x4D, 0x44,
  0x5F, 0x54, 0x43, 0x4E, 0x5F, 0x4D, 0x79, 0x6F, 0x54, 0x65, 0x6E, 0x73,
  0x6F, 0x72, 0x2F, 0x74, 0x63, 0x6E, 0x5F, 0x63, 0x6F, 0x6E, 0x76, 0x31,
  0x64, 0x5F, 0x61, 0x5F, 0x33, 0x5F, 0x64, 0x34, 0x2F, 0x43, 0x6F, 0x6E,
  0x76, 0x31, 0x44, 0x2F, 0x53, 0x70, 0x61, 0x63, 0x65, 0x54, 0x6F, 0x42,
  0x61, 0x74, 0x63, 0x68, 0x4E, 0x44, 0x00, 0x00, 0x03, 0x00, 0x00, 0x00,
  0x01, 0x00, 0x00, 0x00, 0x1B, 0x00, 0x00, 0x00, 0x10, 0x00, 0x00, 0x00,
  0x92, 0xCF, 0xFF, 0xFF, 0x00, 0x00, 0x00, 0x01, 0x18, 0x00, 0x00, 0x00,
  0x24, 0x00, 0x00, 0x00, 0x40, 0x00, 0x00, 0x00, 0x3E, 0x00, 0x00, 0x00,
  0x00, 0x00, 0x00, 0x09, 0x64, 0x00, 0x00, 0x00, 0x03, 0x00, 0x00, 0x00,
  0xFF, 0xFF, 0xFF, 0xFF, 0x6C, 0x00, 0x00, 0x00, 0x10, 0x00, 0x00, 0x00,
  0x7C, 0xCF, 0xFF, 0xFF, 0x08, 0x00, 0x00, 0x00, 0x10, 0x00, 0x00, 0x00,
  0x01, 0x00, 0x00, 0x00, 0x80, 0xFF, 0xFF, 0xFF, 0xFF, 0xFF, 0xFF, 0xFF,
  0x01, 0x00, 0x00, 0x00, 0xE3, 0x42, 0x8E, 0x3E, 0x28, 0x00, 0x00, 0x00,
  0x53, 0x49, 0x4D, 0x44, 0x5F, 0x54, 0x43, 0x4E, 0x5F, 0x4D, 0x79, 0x6F,
  0x54, 0x65, 0x6E, 0x73, 0x6F, 0x72, 0x2F, 0x74, 0x63, 0x6E, 0x5F, 0x63,
  0x6F, 0x6E, 0x76, 0x31, 0x64, 0x5F, 0x61, 0x5F, 0x33, 0x5F, 0x64, 0x34,
  0x2F, 0x50, 0x61, 0x64, 0x00, 0x00, 0x00, 0x00, 0x03, 0x00, 0x00, 0x00,
  0x01, 0x00, 0x00, 0x00, 0x6C, 0x00, 0x00, 0x00, 0x10, 0x00, 0x00, 0x00,
  0x22, 0xD0, 0xFF, 0xFF, 0x00, 0x00, 0x00, 0x01, 0x18, 0x00, 0x00, 0x00,
  0x24, 0x00, 0x00, 0x00, 0x44, 0x00, 0x00, 0x00, 0x3D, 0x00, 0x00, 0x00,
  0x00, 0x00, 0x00, 0x09, 0x84, 0x00, 0x00, 0x00, 0x03, 0x00, 0x00, 0x00,
  0xFF, 0xFF, 0xFF, 0xFF, 0x64, 0x00, 0x00, 0x00, 0x10, 0x00, 0x00, 0x00,
  0x0C, 0xD0, 0xFF, 0xFF, 0x08, 0x00, 0x00, 0x00, 0x14, 0x00, 0x00, 0x00,
  0x01, 0x00, 0x00, 0x00, 0x80, 0xFF, 0xFF, 0xFF, 0xFF, 0xFF, 0xFF, 0xFF,
  0x00, 0x00, 0x00, 0x00, 0x01, 0x00, 0x00, 0x00, 0xE3, 0x42, 0x8E, 0x3E,
  0x46, 0x00, 0x00, 0x00, 0x53, 0x49, 0x4D, 0x44, 0x5F, 0x54, 0x43, 0x4E,
  0x5F, 0x4D, 0x79, 0x6F, 0x54, 0x65, 0x6E, 0x73, 0x6F, 0x72, 0x2F, 0x74,
  0x63, 0x6E, 0x5F, 0x6F, 0x75, 0x74, 0x5F, 0x61, 0x63, 0x74, 0x5F, 0x32,
  0x2F, 0x52, 0x65, 0x6C, 0x75, 0x3B, 0x53, 0x49, 0x4D, 0x44, 0x5F, 0x54,
  0x43, 0x4E, 0x5F, 0x4D, 0x79, 0x6F, 0x54, 0x65, 0x6E, 0x73, 0x6F, 0x72,
  0x2F, 0x74, 0x63, 0x6E, 0x5F, 0x61, 0x64, 0x64, 0x5F, 0x32, 0x2F, 0x61,
  0x64, 0x64, 0x00, 0x00, 0x03, 0x00, 0x00, 0x00, 0x01, 0x00, 0x00, 0x00,
  0x64, 0x00, 0x00, 0x00, 0x10, 0x00, 0x00, 0x00, 0xD2, 0xD0, 0xFF, 0xFF,
  0x00, 0x00, 0x00, 0x01, 0x18, 0x00, 0x00, 0x00, 0x24, 0x00, 0x00, 0x00,
  0x44, 0x00, 0x00, 0x00, 0x3C, 0x00, 0x00, 0x00, 0x00, 0x00, 0x00, 0x09,
  0x94, 0x00, 0x00, 0x00, 0x03, 0x00, 0x00, 0x00, 0xFF, 0xFF, 0xFF, 0xFF,
  0x64, 0x00, 0x00, 0x00, 0x10, 0x00, 0x00, 0x00, 0xBC, 0xD0, 0xFF, 0xFF,
  0x08, 0x00, 0x00, 0x00, 0x14, 0x00, 0x00, 0x00, 0x01, 0x00, 0x00, 0x00,
  0x80, 0xFF, 0xFF, 0xFF, 0xFF, 0xFF, 0xFF, 0xFF, 0x00, 0x00, 0x00, 0x00,
  0x01, 0x00, 0x00, 0x00, 0xE3, 0x42, 0x8E, 0x3E, 0x56, 0x00, 0x00, 0x00,
  0x53, 0x49, 0x4D, 0x44, 0x5F, 0x54, 0x43, 0x4E, 0x5F, 0x4D, 0x79, 0x6F,
  0x54, 0x65, 0x6E, 0x73, 0x6F, 0x72, 0x2F, 0x74, 0x63, 0x6E, 0x5F, 0x63,
  0x6F, 0x6E, 0x76, 0x31, 0x64, 0x5F, 0x62, 0x5F, 0x32, 0x5F, 0x64, 0x32,
  0x2F, 0x52, 0x65, 0x6C, 0x75, 0x3B, 0x53, 0x49, 0x4D, 0x44, 0x5F, 0x54,
  0x43, 0x4E, 0x5F, 0x4D, 0x79, 0x6F, 0x54, 0x65, 0x6E, 0x73, 0x6F, 0x72,
  0x2F, 0x74, 0x63, 0x6E, 0x5F, 0x63, 0x6F, 0x6E, 0x76, 0x31, 0x64, 0x5F,
  0x62, 0x5F, 0x32, 0x5F, 0x64, 0x32, 0x2F, 0x42, 0x69, 0x61, 0x73, 0x41,
  0x64, 0x64, 0x00, 0x00, 0x03, 0x00, 0x00, 0x00, 0x01, 0x00, 0x00, 0x00,
  0x64, 0x00, 0x00, 0x00, 0x10, 0x00, 0x00, 0x00, 0x92, 0xD1, 0xFF, 0xFF,
  0x00, 0x00, 0x00, 0x01, 0x18, 0x00, 0x00, 0x00, 0x24, 0x00, 0x00, 0x00,
  0x40, 0x00, 0x00, 0x00, 0x3B, 0x00, 0x00, 0x00, 0x00, 0x00, 0x00, 0x09,
  0x74, 0x00, 0x00, 0x00, 0x03, 0x00, 0x00, 0x00, 0xFF, 0xFF, 0xFF, 0xFF,
  0x64, 0x00, 0x00, 0x00, 0x10, 0x00, 0x00, 0x00, 0x7C, 0xD1, 0xFF, 0xFF,
  0x08, 0x00, 0x00, 0x00, 0x10, 0x00, 0x00, 0x00, 0x01, 0x00, 0x00, 0x00,
  0xC8, 0xFF, 0xFF, 0xFF, 0xFF, 0xFF, 0xFF, 0xFF, 0x01, 0x00, 0x00, 0x00,
  0x97, 0x0C, 0xBA, 0x3E, 0x3A, 0x00, 0x00, 0x00, 0x53, 0x49, 0x4D, 0x44,
  0x5F, 0x54, 0x43, 0x4E, 0x5F, 0x4D, 0x79, 0x6F, 0x54, 0x65, 0x6E, 0x73,
  0x6F, 0x72, 0x2F, 0x74, 0x63, 0x6E, 0x5F, 0x63, 0x6F, 0x6E, 0x76, 0x31,
  0x64, 0x5F, 0x62, 0x5F, 0x32, 0x5F, 0x64, 0x32, 0x2F, 0x43, 0x6F, 0x6E,
  0x76, 0x31, 0x44, 0x2F, 0x42, 0x61, 0x74, 0x63, 0x68, 0x54, 0x6F, 0x53,
  0x70, 0x61, 0x63, 0x65, 0x4E, 0x44, 0x00, 0x00, 0x03, 0x00, 0x00, 0x00,
  0x01, 0x00, 0x00, 0x00, 0x64, 0x00, 0x00, 0x00, 0x10, 0x00, 0x00, 0x00,
  0x32, 0xD2, 0xFF, 0xFF, 0x00, 0x00, 0x00, 0x01, 0x18, 0x00, 0x00, 0x00,
  0x24, 0x00, 0x00, 0x00, 0x44, 0x00, 0x00, 0x00, 0x3A, 0x00, 0x00, 0x00,
  0x00, 0x00, 0x00, 0x09, 0x70, 0x00, 0x00, 0x00, 0x03, 0x00, 0x00, 0x00,
  0xFF, 0xFF, 0xFF, 0xFF, 0x32, 0x00, 0x00, 0x00, 0x10, 0x00, 0x00, 0x00,
  0x1C, 0xD2, 0xFF, 0xFF, 0x08, 0x00, 0x00, 0x00, 0x14, 0x00, 0x00, 0x00,
  0x01, 0x00, 0x00, 0x00, 0xC8, 0xFF, 0xFF, 0xFF, 0xFF, 0xFF, 0xFF, 0xFF,
  0x00, 0x00, 0x00, 0x00, 0x01, 0x00, 0x00, 0x00, 0x97, 0x0C, 0xBA, 0x3E,
  0x33, 0x00, 0x00, 0x00, 0x53, 0x49, 0x4D, 0x44, 0x5F, 0x54, 0x43, 0x4E,
  0x5F, 0x4D, 0x79, 0x6F, 0x54, 0x65, 0x6E, 0x73, 0x6F, 0x72, 0x2F, 0x74,
  0x63, 0x6E, 0x5F, 0x63, 0x6F, 0x6E, 0x76, 0x31, 0x64, 0x5F, 0x62, 0x5F,
  0x32, 0x5F, 0x64, 0x32, 0x2F, 0x43, 0x6F, 0x6E, 0x76, 0x31, 0x44, 0x2F,
  0x53, 0x71, 0x75, 0x65, 0x65, 0x7A, 0x65, 0x00, 0x03, 0x00, 0x00, 0x00,
  0x01, 0x00, 0x00, 0x00, 0x32, 0x00, 0x00, 0x00, 0x10, 0x00, 0x00, 0x00,
  0xCE, 0xD2, 0xFF, 0xFF, 0x00, 0x00, 0x00, 0x01, 0x18, 0x00, 0x00, 0x00,
  0x28, 0x00, 0x00, 0x00, 0x48, 0x00, 0x00, 0x00, 0x39, 0x00, 0x00, 0x00,
  0x00, 0x00, 0x00, 0x09, 0x70, 0x00, 0x00, 0x00, 0x04, 0x00, 0x00, 0x00,
  0xFF, 0xFF, 0xFF, 0xFF, 0x01, 0x00, 0x00, 0x00, 0x32, 0x00, 0x00, 0x00,
  0x10, 0x00, 0x00, 0x00, 0xBC, 0xD2, 0xFF, 0xFF, 0x08, 0x00, 0x00, 0x00,
  0x14, 0x00, 0x00, 0x00, 0x01, 0x00, 0x00, 0x00, 0xC8, 0xFF, 0xFF, 0xFF,
  0xFF, 0xFF, 0xFF, 0xFF, 0x00, 0x00, 0x00, 0x00, 0x01, 0x00, 0x00, 0x00,
  0x97, 0x0C, 0xBA, 0x3E, 0x2C, 0x00, 0x00, 0x00, 0x53, 0x49, 0x4D, 0x44,
  0x5F, 0x54, 0x43, 0x4E, 0x5F, 0x4D, 0x79, 0x6F, 0x54, 0x65, 0x6E, 0x73,
  0x6F, 0x72, 0x2F, 0x74, 0x63, 0x6E, 0x5F, 0x63, 0x6F, 0x6E, 0x76, 0x31,
  0x64, 0x5F, 0x62, 0x5F, 0x32, 0x5F, 0x64, 0x32, 0x2F, 0x43, 0x6F, 0x6E,
  0x76, 0x31, 0x44, 0x31, 0x00, 0x00, 0x00, 0x00, 0x04, 0x00, 0x00, 0x00,
  0x01, 0x00, 0x00, 0x00, 0x01, 0x00, 0x00, 0x00, 0x32, 0x00, 0x00, 0x00,
  0x10, 0x00, 0x00, 0x00, 0x6E, 0xD3, 0xFF, 0xFF, 0x00, 0x00, 0x00, 0x01,
  0x18, 0x00, 0x00, 0x00, 0x28, 0x00, 0x00, 0x00, 0x44, 0x00, 0x00, 0x00,
  0x38, 0x00, 0x00, 0x00, 0x00, 0x00, 0x00, 0x09, 0x74, 0x00, 0x00, 0x00,
  0x04, 0x00, 0x00, 0x00, 0xFF, 0xFF, 0xFF, 0xFF, 0x01, 0x00, 0x00, 0x00,
  0x34, 0x00, 0x00, 0x00, 0x10, 0x00, 0x00, 0x00, 0x5C, 0xD3, 0xFF, 0xFF,
  0x08, 0x00, 0x00, 0x00, 0x10, 0x00, 0x00, 0x00, 0x01, 0x00, 0x00, 0x00,
  0x80, 0xFF, 0xFF, 0xFF, 0xFF, 0xFF, 0xFF, 0xFF, 0x01, 0x00, 0x00, 0x00,
  0xCE, 0xE0, 0xEC, 0x3D, 0x36, 0x00, 0x00, 0x00, 0x53, 0x49, 0x4D, 0x44,
  0x5F, 0x54, 0x43, 0x4E, 0x5F, 0x4D, 0x79, 0x6F, 0x54, 0x65, 0x6E, 0x73,
  0x6F, 0x72, 0x2F, 0x74, 0x63, 0x6E, 0x5F, 0x63, 0x6F, 0x6E, 0x76, 0x31,
  0x64, 0x5F, 0x62, 0x5F, 0x32, 0x5F, 0x64, 0x32, 0x2F, 0x43, 0x6F, 0x6E,
  0x76, 0x31, 0x44, 0x2F, 0x45, 0x78, 0x70, 0x61, 0x6E, 0x64, 0x44, 0x69,
  0x6D, 0x73, 0x00, 0x00, 0x04, 0x00, 0x00, 0x00, 0x01, 0x00, 0x00, 0x00,
  0x01, 0x00, 0x00, 0x00, 0x34, 0x00, 0x00, 0x00, 0x10, 0x00, 0x00, 0x00,
  0x12, 0xD4, 0xFF, 0xFF, 0x00, 0x00, 0x00, 0x01, 0x18, 0x00, 0x00, 0x00,
  0x24, 0x00, 0x00, 0x00, 0x40, 0x00, 0x00, 0x00, 0x37, 0x00, 0x00, 0x00,
  0x00, 0x00, 0x00, 0x09, 0x74, 0x00, 0x00, 0x00, 0x03, 0x00, 0x00, 0x00,
  0xFF, 0xFF, 0xFF, 0xFF, 0x34, 0x00, 0x00, 0x00, 0x10, 0x00, 0x00, 0x00,
  0xFC, 0xD3, 0xFF, 0xFF, 0x08, 0x00, 0x00, 0x00, 0x10, 0x00, 0x00, 0x00,
  0x01, 0x00, 0x00, 0x00, 0x80, 0xFF, 0xFF, 0xFF, 0xFF, 0xFF, 0xFF, 0xFF,
  0x01, 0x00, 0x00, 0x00, 0xCE, 0xE0, 0xEC, 0x3D, 0x3A, 0x00, 0x00, 0x00,
  0x53, 0x49, 0x4D, 0x44, 0x5F, 0x54, 0x43, 0x4E, 0x5F, 0x4D, 0x79, 0x6F,
  0x54, 0x65, 0x6E, 0x73, 0x6F, 0x72, 0x2F, 0x74, 0x63, 0x6E, 0x5F, 0x63,
  0x6F, 0x6E, 0x76, 0x31, 0x64, 0x5F, 0x62, 0x5F, 0x32, 0x5F, 0x64, 0x32,
  0x2F, 0x43, 0x6F, 0x6E, 0x76, 0x31, 0x44, 0x2F, 0x53, 0x70, 0x61, 0x63,
  0x65, 0x54, 0x6F, 0x42, 0x61, 0x74, 0x63, 0x68, 0x4E, 0x44, 0x00, 0x00,
  0x03, 0x00, 0x00, 0x00, 0x01, 0x00, 0x00, 0x00, 0x34, 0x00, 0x00, 0x00,
  0x10, 0x00, 0x00, 0x00, 0xB2, 0xD4, 0xFF, 0xFF, 0x00, 0x00, 0x00, 0x01,
  0x18, 0x00, 0x00, 0x00, 0x24, 0x00, 0x00, 0x00, 0x40, 0x00, 0x00, 0x00,
  0x36, 0x00, 0x00, 0x00, 0x00, 0x00, 0x00, 0x09, 0x64, 0x00, 0x00, 0x00,
  0x03, 0x00, 0x00, 0x00, 0xFF, 0xFF, 0xFF, 0xFF, 0x68, 0x00, 0x00, 0x00,
  0x10, 0x00, 0x00, 0x00, 0x9C, 0xD4, 0xFF, 0xFF, 0x08, 0x00, 0x00, 0x00,
  0x10, 0x00, 0x00, 0x00, 0x01, 0x00, 0x00, 0x00, 0x80, 0xFF, 0xFF, 0xFF,
  0xFF, 0xFF, 0xFF, 0xFF, 0x01, 0x00, 0x00, 0x00, 0xCE, 0xE0, 0xEC, 0x3D,
  0x28, 0x00, 0x00, 0x00, 0x53, 0x49, 0x4D, 0x44, 0x5F, 0x54, 0x43, 0x4E,
  0x5F, 0x4D, 0x79, 0x6F, 0x54, 0x65, 0x6E, 0x73, 0x6F, 0x72, 0x2F, 0x74,
  0x63, 0x6E, 0x5F, 0x63, 0x6F, 0x6E, 0x76, 0x31, 0x64, 0x5F, 0x62, 0x5F,
  0x32, 0x5F, 0x64, 0x32, 0x2F, 0x50, 0x61, 0x64, 0x00, 0x00, 0x00, 0x00,
  0x03, 0x00, 0x00, 0x00, 0x01, 0x00, 0x00, 0x00, 0x68, 0x00, 0x00, 0x00,
  0x10, 0x00, 0x00, 0x00, 0x42, 0xD5, 0xFF, 0xFF, 0x00, 0x00, 0x00, 0x01,
  0x18, 0x00, 0x00, 0x00, 0x24, 0x00, 0x00, 0x00, 0x44, 0x00, 0x00, 0x00,
  0x35, 0x00, 0x00, 0x00, 0x00, 0x00, 0x00, 0x09, 0x94, 0x00, 0x00, 0x00,
  0x03, 0x00, 0x00, 0x00, 0xFF, 0xFF, 0xFF, 0xFF, 0x64, 0x00, 0x00, 0x00,
  0x10, 0x00, 0x00, 0x00, 0x2C, 0xD5, 0xFF, 0xFF, 0x08, 0x00, 0x00, 0x00,
  0x14, 0x00, 0x00, 0x00, 0x01, 0x00, 0x00, 0x00, 0x80, 0xFF, 0xFF, 0xFF,
  0xFF, 0xFF, 0xFF, 0xFF, 0x00, 0x00, 0x00, 0x00, 0x01, 0x00, 0x00, 0x00,
  0xCE, 0xE0, 0xEC, 0x3D, 0x56, 0x00, 0x00, 0x00, 0x53, 0x49, 0x4D, 0x44,
  0x5F, 0x54, 0x43, 0x4E, 0x5F, 0x4D, 0x79, 0x6F, 0x54, 0x65, 0x6E, 0x73,
  0x6F, 0x72, 0x2F, 0x74, 0x63, 0x6E, 0x5F, 0x63, 0x6F, 0x6E, 0x76, 0x31,
  0x64, 0x5F, 0x61, 0x5F, 0x32, 0x5F, 0x64, 0x32, 0x2F, 0x52, 0x65, 0x6C,
  0x75, 0x3B, 0x53, 0x49, 0x4D, 0x44, 0x5F, 0x54, 0x43, 0x4E, 0x5F, 0x4D,
  0x79, 0x6F, 0x54, 0x65, 0x6E, 0x73, 0x6F, 0x72, 0x2F, 0x74, 0x63, 0x6E,
  0x5F, 0x63, 0x6F, 0x6E, 0x76, 0x31, 0x64, 0x5F, 0x61, 0x5F, 0x32, 0x5F,
  0x64, 0x32, 0x2F, 0x42, 0x69, 0x61, 0x73, 0x41, 0x64, 0x64, 0x00, 0x00,
  0x03, 0x00, 0x00, 0x00, 0x01, 0x00, 0x00, 0x00, 0x64, 0x00, 0x00, 0x00,
  0x10, 0x00, 0x00, 0x00, 0x02, 0xD6, 0xFF, 0xFF, 0x00, 0x00, 0x00, 0x01,
  0x18, 0x00, 0x00, 0x00, 0x24, 0x00, 0x00, 0x00, 0x40, 0x00, 0x00, 0x00,
  0x34, 0x00, 0x00, 0x00, 0x00, 0x00, 0x00, 0x09, 0x74, 0x00, 0x00, 0x00,
  0x03, 0x00, 0x00, 0x00, 0xFF, 0xFF, 0xFF, 0xFF, 0x64, 0x00, 0x00, 0x00,
  0x10, 0x00, 0x00, 0x00, 0xEC, 0xD5, 0xFF, 0xFF, 0x08, 0x00, 0x00, 0x00,
  0x10, 0x00, 0x00, 0x00, 0x01, 0x00, 0x00, 0x00, 0xDE, 0xFF, 0xFF, 0xFF,
  0xFF, 0xFF, 0xFF, 0xFF, 0x01, 0x00, 0x00, 0x00, 0x34, 0xEC, 0x3B, 0x3E,
  0x3A, 0x00, 0x00, 0x00, 0x53, 0x49, 0x4D, 0x44, 0x5F, 0x54, 0x43, 0x4E,
  0x5F, 0x4D, 0x79, 0x6F, 0x54, 0x65, 0x6E, 0x73, 0x6F, 0x72, 0x2F, 0x74,
  0x63, 0x6E, 0x5F, 0x63, 0x6F, 0x6E, 0x76, 0x31, 0x64, 0x5F, 0x61, 0x5F,
  0x32, 0x5F, 0x64, 0x32, 0x2F, 0x43, 0x6F, 0x6E, 0x76, 0x31, 0x44, 0x2F,
  0x42, 0x61, 0x74, 0x63, 0x68, 0x54, 0x6F, 0x53, 0x70, 0x61, 0x63, 0x65,
  0x4E, 0x44, 0x00, 0x00, 0x03, 0x00, 0x00, 0x00, 0x01, 0x00, 0x00, 0x00,
  0x64, 0x00, 0x00, 0x00, 0x10, 0x00, 0x00, 0x00, 0xA2, 0xD6, 0xFF, 0xFF,
  0x00, 0x00, 0x00, 0x01, 0x18, 0x00, 0x00, 0x00, 0x24, 0x00, 0x00, 0x00,
  0x44, 0x00, 0x00, 0x00, 0x33, 0x00, 0x00, 0x00, 0x00, 0x00, 0x00, 0x09,
  0x70, 0x00, 0x00, 0x00, 0x03, 0x00, 0x00, 0x00, 0xFF, 0xFF, 0xFF, 0xFF,
  0x32, 0x00, 0x00, 0x00, 0x10, 0x00, 0x00, 0x00, 0x8C, 0xD6, 0xFF, 0xFF,
  0x08, 0x00, 0x00, 0x00, 0x14, 0x00, 0x00, 0x00, 0x01, 0x00, 0x00, 0x00,
  0xDE, 0xFF, 0xFF, 0xFF, 0xFF, 0xFF, 0xFF, 0xFF, 0x00, 0x00, 0x00, 0x00,
  0x01, 0x00, 0x00, 0x00, 0x34, 0xEC, 0x3B, 0x3E, 0x33, 0x00, 0x00, 0x00,
  0x53, 0x49, 0x4D, 0x44, 0x5F, 0x54, 0x43, 0x4E, 0x5F, 0x4D, 0x79, 0x6F,
  0x54, 0x65, 0x6E, 0x73, 0x6F, 0x72, 0x2F, 0x74, 0x63, 0x6E, 0x5F, 0x63,
  0x6F, 0x6E, 0x76, 0x31, 0x64, 0x5F, 0x61, 0x5F, 0x32, 0x5F, 0x64, 0x32,
  0x2F, 0x43, 0x6F, 0x6E, 0x76, 0x31, 0x44, 0x2F, 0x53, 0x71, 0x75, 0x65,
  0x65, 0x7A, 0x65, 0x00, 0x03, 0x00, 0x00, 0x00, 0x01, 0x00, 0x00, 0x00,
  0x32, 0x00, 0x00, 0x00, 0x10, 0x00, 0x00, 0x00, 0x3E, 0xD7, 0xFF, 0xFF,
  0x00, 0x00, 0x00, 0x01, 0x18, 0x00, 0x00, 0x00, 0x28, 0x00, 0x00, 0x00,
  0x48, 0x00, 0x00, 0x00, 0x32, 0x00, 0x00, 0x00, 0x00, 0x00, 0x00, 0x09,
  0x70, 0x00, 0x00, 0x00, 0x04, 0x00, 0x00, 0x00, 0xFF, 0xFF, 0xFF, 0xFF,
  0x01, 0x00, 0x00, 0x00, 0x32, 0x00, 0x00, 0x00, 0x10, 0x00, 0x00, 0x00,
  0x2C, 0xD7, 0xFF, 0xFF, 0x08, 0x00, 0x00, 0x00, 0x14, 0x00, 0x00, 0x00,
  0x01, 0x00, 0x00, 0x00, 0xDE, 0xFF, 0xFF, 0xFF, 0xFF, 0xFF, 0xFF, 0xFF,
  0x00, 0x00, 0x00, 0x00, 0x01, 0x00, 0x00, 0x00, 0x34, 0xEC, 0x3B, 0x3E,
  0x2C, 0x00, 0x00, 0x00, 0x53, 0x49, 0x4D, 0x44, 0x5F, 0x54, 0x43, 0x4E,
  0x5F, 0x4D, 0x79, 0x6F, 0x54, 0x65, 0x6E, 0x73, 0x6F, 0x72, 0x2F, 0x74,
  0x63, 0x6E, 0x5F, 0x63, 0x6F, 0x6E, 0x76, 0x31, 0x64, 0x5F, 0x61, 0x5F,
  0x32, 0x5F, 0x64, 0x32, 0x2F, 0x43, 0x6F, 0x6E, 0x76, 0x31, 0x44, 0x31,
  0x00, 0x00, 0x00, 0x00, 0x04, 0x00, 0x00, 0x00, 0x01, 0x00, 0x00, 0x00,
  0x01, 0x00, 0x00, 0x00, 0x32, 0x00, 0x00, 0x00, 0x10, 0x00, 0x00, 0x00,
  0xDE, 0xD7, 0xFF, 0xFF, 0x00, 0x00, 0x00, 0x01, 0x18, 0x00, 0x00, 0x00,
  0x28, 0x00, 0x00, 0x00, 0x44, 0x00, 0x00, 0x00, 0x31, 0x00, 0x00, 0x00,
  0x00, 0x00, 0x00, 0x09, 0x74, 0x00, 0x00, 0x00, 0x04, 0x00, 0x00, 0x00,
  0xFF, 0xFF, 0xFF, 0xFF, 0x01, 0x00, 0x00, 0x00, 0x34, 0x00, 0x00, 0x00,
  0x10, 0x00, 0x00, 0x00, 0xCC, 0xD7, 0xFF, 0xFF, 0x08, 0x00, 0x00, 0x00,
  0x10, 0x00, 0x00, 0x00, 0x01, 0x00, 0x00, 0x00, 0x80, 0xFF, 0xFF, 0xFF,
  0xFF, 0xFF, 0xFF, 0xFF, 0x01, 0x00, 0x00, 0x00, 0xA3, 0x46, 0x9D, 0x3D,
  0x36, 0x00, 0x00, 0x00, 0x53, 0x49, 0x4D, 0x44, 0x5F, 0x54, 0x43, 0x4E,
  0x5F, 0x4D, 0x79, 0x6F, 0x54, 0x65, 0x6E, 0x73, 0x6F, 0x72, 0x2F, 0x74,
  0x63, 0x6E, 0x5F, 0x63, 0x6F, 0x6E, 0x76, 0x31, 0x64, 0x5F, 0x61, 0x5F,
  0x32, 0x5F, 0x64, 0x32, 0x2F, 0x43, 0x6F, 0x6E, 0x76, 0x31, 0x44, 0x2F,
  0x45, 0x78, 0x70, 0x61, 0x6E, 0x64, 0x44, 0x69, 0x6D, 0x73, 0x00, 0x00,
  0x04, 0x00, 0x00, 0x00, 0x01, 0x00, 0x00, 0x00, 0x01, 0x00, 0x00, 0x00,
  0x34, 0x00, 0x00, 0x00, 0x10, 0x00, 0x00, 0x00, 0x82, 0xD8, 0xFF, 0xFF,
  0x00, 0x00, 0x00, 0x01, 0x18, 0x00, 0x00, 0x00, 0x24, 0x00, 0x00, 0x00,
  0x40, 0x00, 0x00, 0x00, 0x30, 0x00, 0x00, 0x00, 0x00, 0x00, 0x00, 0x09,
  0x74, 0x00, 0x00, 0x00, 0x03, 0x00, 0x00, 0x00, 0xFF, 0xFF, 0xFF, 0xFF,
  0x34, 0x00, 0x00, 0x00, 0x10, 0x00, 0x00, 0x00, 0x6C, 0xD8, 0xFF, 0xFF,
  0x08, 0x00, 0x00, 0x00, 0x10, 0x00, 0x00, 0x00, 0x01, 0x00, 0x00, 0x00,
  0x80, 0xFF, 0xFF, 0xFF, 0xFF, 0xFF, 0xFF, 0xFF, 0x01, 0x00, 0x00, 0x00,
  0xA3, 0x46, 0x9D, 0x3D, 0x3A, 0x00, 0x00, 0x00, 0x53, 0x49, 0x4D, 0x44,
  0x5F, 0x54, 0x43, 0x4E, 0x5F, 0x4D, 0x79, 0x6F, 0x54, 0x65, 0x6E, 0x73,
  0x6F, 0x72, 0x2F, 0x74, 0x63, 0x6E, 0x5F, 0x63, 0x6F, 0x6E, 0x76, 0x31,
  0x64, 0x5F, 0x61, 0x5F, 0x32, 0x5F, 0x64, 0x32, 0x2F, 0x43, 0x6F, 0x6E,
  0x76, 0x31, 0x44, 0x2F, 0x53, 0x70, 0x61, 0x63, 0x65, 0x54, 0x6F, 0x42,
  0x61, 0x74, 0x63, 0x68, 0x4E, 0x44, 0x00, 0x00, 0x03, 0x00, 0x00, 0x00,
  0x01, 0x00, 0x00, 0x00, 0x34, 0x00, 0x00, 0x00, 0x10, 0x00, 0x00, 0x00,
  0x22, 0xD9, 0xFF, 0xFF, 0x00, 0x00, 0x00, 0x01, 0x18, 0x00, 0x00, 0x00,
  0x24, 0x00, 0x00, 0x00, 0x40, 0x00, 0x00, 0x00, 0x2F, 0x00, 0x00, 0x00,
  0x00, 0x00, 0x00, 0x09, 0x64, 0x00, 0x00, 0x00, 0x03, 0x00, 0x00, 0x00,
  0xFF, 0xFF, 0xFF, 0xFF, 0x68, 0x00, 0x00, 0x00, 0x10, 0x00, 0x00, 0x00,
  0x0C, 0xD9, 0xFF, 0xFF, 0x08, 0x00, 0x00, 0x00, 0x10, 0x00, 0x00, 0x00,
  0x01, 0x00, 0x00, 0x00, 0x80, 0xFF, 0xFF, 0xFF, 0xFF, 0xFF, 0xFF, 0xFF,
  0x01, 0x00, 0x00, 0x00, 0xA3, 0x46, 0x9D, 0x3D, 0x28, 0x00, 0x00, 0x00,
  0x53, 0x49, 0x4D, 0x44, 0x5F, 0x54, 0x43, 0x4E, 0x5F, 0x4D, 0x79, 0x6F,
  0x54, 0x65, 0x6E, 0x73, 0x6F, 0x72, 0x2F, 0x74, 0x63, 0x6E, 0x5F, 0x63,
  0x6F, 0x6E, 0x76, 0x31, 0x64, 0x5F, 0x61, 0x5F, 0x32, 0x5F, 0x64, 0x32,
  0x2F, 0x50, 0x61, 0x64, 0x00, 0x00, 0x00, 0x00, 0x03, 0x00, 0x00, 0x00,
  0x01, 0x00, 0x00, 0x00, 0x68, 0x00, 0x00, 0x00, 0x10, 0x00, 0x00, 0x00,
  0xB2, 0xD9, 0xFF, 0xFF, 0x00, 0x00, 0x00, 0x01, 0x18, 0x00, 0x00, 0x00,
  0x24, 0x00, 0x00, 0x00, 0x44, 0x00, 0x00, 0x00, 0x2E, 0x00, 0x00, 0x00,
  0x00, 0x00, 0x00, 0x09, 0x84, 0x00, 0x00, 0x00, 0x03, 0x00, 0x00, 0x00,
  0xFF, 0xFF, 0xFF, 0xFF, 0x64, 0x00, 0x00, 0x00, 0x10, 0x00, 0x00, 0x00,
  0x9C, 0xD9, 0xFF, 0xFF, 0x08, 0x00, 0x00, 0x00, 0x14, 0x00, 0x00, 0x00,
  0x01, 0x00, 0x00, 0x00, 0x80, 0xFF, 0xFF, 0xFF, 0xFF, 0xFF, 0xFF, 0xFF,
  0x00, 0x00, 0x00, 0x00, 0x01, 0x00, 0x00, 0x00, 0xA3, 0x46, 0x9D, 0x3D,
  0x46, 0x00, 0x00, 0x00, 0x53, 0x49, 0x4D, 0x44, 0x5F, 0x54, 0x43, 0x4E,
  0x5F, 0x4D, 0x79, 0x6F, 0x54, 0x65, 0x6E, 0x73, 0x6F, 0x72, 0x2F, 0x74,
  0x63, 0x6E, 0x5F, 0x6F, 0x75, 0x74, 0x5F, 0x61, 0x63, 0x74, 0x5F, 0x31,
  0x2F, 0x52, 0x65, 0x6C, 0x75, 0x3B, 0x53, 0x49, 0x4D, 0x44, 0x5F, 0x54,
  0x43, 0x4E, 0x5F, 0x4D, 0x79, 0x6F, 0x54, 0x65, 0x6E, 0x73, 0x6F, 0x72,
  0x2F, 0x74, 0x63, 0x6E, 0x5F, 0x61, 0x64, 0x64, 0x5F, 0x31, 0x2F, 0x61,
  0x64, 0x64, 0x00, 0x00, 0x03, 0x00, 0x00, 0x00, 0x01, 0x00, 0x00, 0x00,
  0x64, 0x00, 0x00, 0x00, 0x10, 0x00, 0x00, 0x00, 0x62, 0xDA, 0xFF, 0xFF,
  0x00, 0x00, 0x00, 0x01, 0x18, 0x00, 0x00, 0x00, 0x24, 0x00, 0x00, 0x00,
  0x40, 0x00, 0x00, 0x00, 0x2D, 0x00, 0x00, 0x00, 0x00, 0x00, 0x00, 0x09,
  0x00, 0x01, 0x00, 0x00, 0x03, 0x00, 0x00, 0x00, 0xFF, 0xFF, 0xFF, 0xFF,
  0x64, 0x00, 0x00, 0x00, 0x10, 0x00, 0x00, 0x00, 0x4C, 0xDA, 0xFF, 0xFF,
  0x08, 0x00, 0x00, 0x00, 0x10, 0x00, 0x00, 0x00, 0x01, 0x00, 0x00, 0x00,
  0x80, 0xFF, 0xFF, 0xFF, 0xFF, 0xFF, 0xFF, 0xFF, 0x01, 0x00, 0x00, 0x00,
  0x82, 0xF9, 0x8E, 0x3D, 0xC6, 0x00, 0x00, 0x00, 0x53, 0x49, 0x4D, 0x44,
  0x5F, 0x54, 0x43, 0x4E, 0x5F, 0x4D, 0x79, 0x6F, 0x54, 0x65, 0x6E, 0x73,
  0x6F, 0x72, 0x2F, 0x74, 0x63, 0x6E, 0x5F, 0x63, 0x6F, 0x6E, 0x76, 0x31,
  0x64, 0x5F, 0x62, 0x5F, 0x31, 0x5F, 0x64, 0x31, 0x2F, 0x52, 0x65, 0x6C,
  0x75, 0x3B, 0x53, 0x49, 0x4D, 0x44, 0x5F, 0x54, 0x43, 0x4E, 0x5F, 0x4D,
  0x79, 0x6F, 0x54, 0x65, 0x6E, 0x73, 0x6F, 0x72, 0x2F, 0x74, 0x63, 0x6E,
  0x5F, 0x63, 0x6F, 0x6E, 0x76, 0x31, 0x64, 0x5F, 0x62, 0x5F, 0x31, 0x5F,
  0x64, 0x31, 0x2F, 0x42, 0x69, 0x61, 0x73, 0x41, 0x64, 0x64, 0x3B, 0x53,
  0x49, 0x4D, 0x44, 0x5F, 0x54, 0x43, 0x4E, 0x5F, 0x4D, 0x79, 0x6F, 0x54,
  0x65, 0x6E, 0x73, 0x6F, 0x72, 0x2F, 0x74, 0x63, 0x6E, 0x5F, 0x63, 0x6F,
  0x6E, 0x76, 0x31, 0x64, 0x5F, 0x62, 0x5F, 0x31, 0x5F, 0x64, 0x31, 0x2F,
  0x43, 0x6F, 0x6E, 0x76, 0x31, 0x44, 0x2F, 0x53, 0x71, 0x75, 0x65, 0x65,
  0x7A, 0x65, 0x3B, 0x53, 0x49, 0x4D, 0x44, 0x5F, 0x54, 0x43, 0x4E, 0x5F,
  0x4D, 0x79, 0x6F, 0x54, 0x65, 0x6E, 0x73, 0x6F, 0x72, 0x2F, 0x74, 0x63,
  0x6E, 0x5F, 0x63, 0x6F, 0x6E, 0x76, 0x31, 0x64, 0x5F, 0x62, 0x5F, 0x31,
  0x5F, 0x64, 0x31, 0x2F, 0x42, 0x69, 0x61, 0x73, 0x41, 0x64, 0x64, 0x2F,
  0x52, 0x65, 0x61, 0x64, 0x56, 0x61, 0x72, 0x69, 0x61, 0x62, 0x6C, 0x65,
  0x4F, 0x70, 0x00, 0x00, 0x03, 0x00, 0x00, 0x00, 0x01, 0x00, 0x00, 0x00,
  0x64, 0x00, 0x00, 0x00, 0x10, 0x00, 0x00, 0x00, 0x8E, 0xDB, 0xFF, 0xFF,
  0x00, 0x00, 0x00, 0x01, 0x18, 0x00, 0x00, 0x00, 0x28, 0x00, 0x00, 0x00,
  0x44, 0x00, 0x00, 0x00, 0x2C, 0x00, 0x00, 0x00, 0x00, 0x00, 0x00, 0x09,
  0x30, 0x01, 0x00, 0x00, 0x04, 0x00, 0x00, 0x00, 0xFF, 0xFF, 0xFF, 0xFF,
  0x01, 0x00, 0x00, 0x00, 0x64, 0x00, 0x00, 0x00, 0x10, 0x00, 0x00, 0x00,
  0x7C, 0xDB, 0xFF, 0xFF, 0x08, 0x00, 0x00, 0x00, 0x10, 0x00, 0x00, 0x00,
  0x01, 0x00, 0x00, 0x00, 0x80, 0xFF, 0xFF, 0xFF, 0xFF, 0xFF, 0xFF, 0xFF,
  0x01, 0x00, 0x00, 0x00, 0x82, 0xF9, 0x8E, 0x3D, 0xF3, 0x00, 0x00, 0x00,
  0x53, 0x49, 0x4D, 0x44, 0x5F, 0x54, 0x43, 0x4E, 0x5F, 0x4D, 0x79, 0x6F,
  0x54, 0x65, 0x6E, 0x73, 0x6F, 0x72, 0x2F, 0x74, 0x63, 0x6E, 0x5F, 0x63,
  0x6F, 0x6E, 0x76, 0x31, 0x64, 0x5F, 0x62, 0x5F, 0x31, 0x5F, 0x64, 0x31,
  0x2F, 0x52, 0x65, 0x6C, 0x75, 0x3B, 0x53, 0x49, 0x4D, 0x44, 0x5F, 0x54,
  0x43, 0x4E, 0x5F, 0x4D, 0x79, 0x6F, 0x54, 0x65, 0x6E, 0x73, 0x6F, 0x72,
  0x2F, 0x74, 0x63, 0x6E, 0x5F, 0x63, 0x6F, 0x6E, 0x76, 0x31, 0x64, 0x5F,
  0x62, 0x5F, 0x31, 0x5F, 0x64, 0x31, 0x2F, 0x42, 0x69, 0x61, 0x73, 0x41,
  0x64, 0x64, 0x3B, 0x53, 0x49, 0x4D, 0x44, 0x5F, 0x54, 0x43, 0x4E, 0x5F,
  0x4D, 0x79, 0x6F, 0x54, 0x65, 0x6E, 0x73, 0x6F, 0x72, 0x2F, 0x74, 0x63,
  0x6E, 0x5F, 0x63, 0x6F, 0x6E, 0x76, 0x31, 0x64, 0x5F, 0x62, 0x5F, 0x31,
  0x5F, 0x64, 0x31, 0x2F, 0x43, 0x6F, 0x6E, 0x76, 0x31, 0x44, 0x2F, 0x53,
  0x71, 0x75, 0x65, 0x65, 0x7A, 0x65, 0x3B, 0x53, 0x49, 0x4D, 0x44, 0x5F,
  0x54, 0x43, 0x4E, 0x5F, 0x4D, 0x79, 0x6F, 0x54, 0x65, 0x6E, 0x73, 0x6F,
  0x72, 0x2F, 0x74, 0x63, 0x6E, 0x5F, 0x63, 0x6F, 0x6E, 0x76, 0x31, 0x64,
  0x5F, 0x62, 0x5F, 0x31, 0x5F, 0x64, 0x31, 0x2F, 0x42, 0x69, 0x61, 0x73,
  0x41, 0x64, 0x64, 0x2F, 0x52, 0x65, 0x61, 0x64, 0x56, 0x61, 0x72, 0x69,
  0x61, 0x62, 0x6C, 0x65, 0x4F, 0x70, 0x3B, 0x53, 0x49, 0x4D, 0x44, 0x5F,
  0x54, 0x43, 0x4E, 0x5F, 0x4D, 0x79, 0x6F, 0x54, 0x65, 0x6E, 0x73, 0x6F,
  0x72, 0x2F, 0x74, 0x63, 0x6E, 0x5F, 0x63, 0x6F, 0x6E, 0x76, 0x31, 0x64,
  0x5F, 0x62, 0x5F, 0x31, 0x5F, 0x64, 0x31, 0x2F, 0x43, 0x6F, 0x6E, 0x76,
  0x31, 0x44, 0x31, 0x00, 0x04, 0x00, 0x00, 0x00, 0x01, 0x00, 0x00, 0x00,
  0x01, 0x00, 0x00, 0x00, 0x64, 0x00, 0x00, 0x00, 0x10, 0x00, 0x00, 0x00,
  0xEE, 0xDC, 0xFF, 0xFF, 0x00, 0x00, 0x00, 0x01, 0x18, 0x00, 0x00, 0x00,
  0x28, 0x00, 0x00, 0x00, 0x44, 0x00, 0x00, 0x00, 0x2B, 0x00, 0x00, 0x00,
  0x00, 0x00, 0x00, 0x09, 0x74, 0x00, 0x00, 0x00, 0x04, 0x00, 0x00, 0x00,
  0xFF, 0xFF, 0xFF, 0xFF, 0x01, 0x00, 0x00, 0x00, 0x66, 0x00, 0x00, 0x00,
  0x10, 0x00, 0x00, 0x00, 0xDC, 0xDC, 0xFF, 0xFF, 0x08, 0x00, 0x00, 0x00,
  0x10, 0x00, 0x00, 0x00, 0x01, 0x00, 0x00, 0x00, 0x80, 0xFF, 0xFF, 0xFF,
  0xFF, 0xFF, 0xFF, 0xFF, 0x01, 0x00, 0x00, 0x00, 0x48, 0x51, 0x47, 0x3D,
  0x36, 0x00, 0x00, 0x00, 0x53, 0x49, 0x4D, 0x44, 0x5F, 0x54, 0x43, 0x4E,
  0x5F, 0x4D, 0x79, 0x6F, 0x54, 0x65, 0x6E, 0x73, 0x6F, 0x72, 0x2F, 0x74,
  0x63, 0x6E, 0x5F, 0x63, 0x6F, 0x6E, 0x76, 0x31, 0x64, 0x5F, 0x62, 0x5F,
  0x31, 0x5F, 0x64, 0x31, 0x2F, 0x43, 0x6F, 0x6E, 0x76, 0x31, 0x44, 0x2F,
  0x45, 0x78, 0x70, 0x61, 0x6E, 0x64, 0x44, 0x69, 0x6D, 0x73, 0x00, 0x00,
  0x04, 0x00, 0x00, 0x00, 0x01, 0x00, 0x00, 0x00, 0x01, 0x00, 0x00, 0x00,
  0x66, 0x00, 0x00, 0x00, 0x10, 0x00, 0x00, 0x00, 0x92, 0xDD, 0xFF, 0xFF,
  0x00, 0x00, 0x00, 0x01, 0x18, 0x00, 0x00, 0x00, 0x24, 0x00, 0x00, 0x00,
  0x40, 0x00, 0x00, 0x00, 0x2A, 0x00, 0x00, 0x00, 0x00, 0x00, 0x00, 0x09,
  0x64, 0x00, 0x00, 0x00, 0x03, 0x00, 0x00, 0x00, 0xFF, 0xFF, 0xFF, 0xFF,
  0x66, 0x00, 0x00, 0x00, 0x10, 0x00, 0x00, 0x00, 0x7C, 0xDD, 0xFF, 0xFF,
  0x08, 0x00, 0x00, 0x00, 0x10, 0x00, 0x00, 0x00, 0x01, 0x00, 0x00, 0x00,
  0x80, 0xFF, 0xFF, 0xFF, 0xFF, 0xFF, 0xFF, 0xFF, 0x01, 0x00, 0x00, 0x00,
  0x48, 0x51, 0x47, 0x3D, 0x28, 0x00, 0x00, 0x00, 0x53, 0x49, 0x4D, 0x44,
  0x5F, 0x54, 0x43, 0x4E, 0x5F, 0x4D, 0x79, 0x6F, 0x54, 0x65, 0x6E, 0x73,
  0x6F, 0x72, 0x2F, 0x74, 0x63, 0x6E, 0x5F, 0x63, 0x6F, 0x6E, 0x76, 0x31,
  0x64, 0x5F, 0x62, 0x5F, 0x31, 0x5F, 0x64, 0x31, 0x2F, 0x50, 0x61, 0x64,
  0x00, 0x00, 0x00, 0x00, 0x03, 0x00, 0x00, 0x00, 0x01, 0x00, 0x00, 0x00,
  0x66, 0x00, 0x00, 0x00, 0x10, 0x00, 0x00, 0x00, 0x22, 0xDE, 0xFF, 0xFF,
  0x00, 0x00, 0x00, 0x01, 0x18, 0x00, 0x00, 0x00, 0x24, 0x00, 0x00, 0x00,
  0x40, 0x00, 0x00, 0x00, 0x29, 0x00, 0x00, 0x00, 0x00, 0x00, 0x00, 0x09,
  0x00, 0x01, 0x00, 0x00, 0x03, 0x00, 0x00, 0x00, 0xFF, 0xFF, 0xFF, 0xFF,
  0x64, 0x00, 0x00, 0x00, 0x10, 0x00, 0x00, 0x00, 0x0C, 0xDE, 0xFF, 0xFF,
  0x08, 0x00, 0x00, 0x00, 0x10, 0x00, 0x00, 0x00, 0x01, 0x00, 0x00, 0x00,
  0x80, 0xFF, 0xFF, 0xFF, 0xFF, 0xFF, 0xFF, 0xFF, 0x01, 0x00, 0x00, 0x00,
  0x48, 0x51, 0x47, 0x3D, 0xC6, 0x00, 0x00, 0x00, 0x53, 0x49, 0x4D, 0x44,
  0x5F, 0x54, 0x43, 0x4E, 0x5F, 0x4D, 0x79, 0x6F, 0x54, 0x65, 0x6E, 0x73,
  0x6F, 0x72, 0x2F, 0x74, 0x63, 0x6E, 0x5F, 0x63, 0x6F, 0x6E, 0x76, 0x31,
  0x64, 0x5F, 0x61, 0x5F, 0x31, 0x5F, 0x64, 0x31, 0x2F, 0x52, 0x65, 0x6C,
  0x75, 0x3B, 0x53, 0x49, 0x4D, 0x44, 0x5F, 0x54, 0x43, 0x4E, 0x5F, 0x4D,
  0x79, 0x6F, 0x54, 0x65, 0x6E, 0x73, 0x6F, 0x72, 0x2F, 0x74, 0x63, 0x6E,
  0x5F, 0x63, 0x6F, 0x6E, 0x76, 0x31, 0x64, 0x5F, 0x61, 0x5F, 0x31, 0x5F,
  0x64, 0x31, 0x2F, 0x42, 0x69, 0x61, 0x73, 0x41, 0x64, 0x64, 0x3B, 0x53,
  0x49, 0x4D, 0x44, 0x5F, 0x54, 0x43, 0x4E, 0x5F, 0x4D, 0x79, 0x6F, 0x54,
  0x65, 0x6E, 0x73, 0x6F, 0x72, 0x2F, 0x74, 0x63, 0x6E, 0x5F, 0x63, 0x6F,
  0x6E, 0x76, 0x31, 0x64, 0x5F, 0x61, 0x5F, 0x31, 0x5F, 0x64, 0x31, 0x2F,
  0x43, 0x6F, 0x6E, 0x76, 0x31, 0x44, 0x2F, 0x53, 0x71, 0x75, 0x65, 0x65,
  0x7A, 0x65, 0x3B, 0x53, 0x49, 0x4D, 0x44, 0x5F, 0x54, 0x43, 0x4E, 0x5F,
  0x4D, 0x79, 0x6F, 0x54, 0x65, 0x6E, 0x73, 0x6F, 0x72, 0x2F, 0x74, 0x63,
  0x6E, 0x5F, 0x63, 0x6F, 0x6E, 0x76, 0x31, 0x64, 0x5F, 0x61, 0x5F, 0x31,
  0x5F, 0x64, 0x31, 0x2F, 0x42, 0x69, 0x61, 0x73, 0x41, 0x64, 0x64, 0x2F,
  0x52, 0x65, 0x61, 0x64, 0x56, 0x61, 0x72, 0x69, 0x61, 0x62, 0x6C, 0x65,
  0x4F, 0x70, 0x00, 0x00, 0x03, 0x00, 0x00, 0x00, 0x01, 0x00, 0x00, 0x00,
  0x64, 0x00, 0x00, 0x00, 0x10, 0x00, 0x00, 0x00, 0x4E, 0xDF, 0xFF, 0xFF,
  0x00, 0x00, 0x00, 0x01, 0x18, 0x00, 0x00, 0x00, 0x28, 0x00, 0x00, 0x00,
  0x44, 0x00, 0x00, 0x00, 0x28, 0x00, 0x00, 0x00, 0x00, 0x00, 0x00, 0x09,
  0x30, 0x01, 0x00, 0x00, 0x04, 0x00, 0x00, 0x00, 0xFF, 0xFF, 0xFF, 0xFF,
  0x01, 0x00, 0x00, 0x00, 0x64, 0x00, 0x00, 0x00, 0x10, 0x00, 0x00, 0x00,
  0x3C, 0xDF, 0xFF, 0xFF, 0x08, 0x00, 0x00, 0x00, 0x10, 0x00, 0x00, 0x00,
  0x01, 0x00, 0x00, 0x00, 0x80, 0xFF, 0xFF, 0xFF, 0xFF, 0xFF, 0xFF, 0xFF,
  0x01, 0x00, 0x00, 0x00, 0x48, 0x51, 0x47, 0x3D, 0xF3, 0x00, 0x00, 0x00,
  0x53, 0x49, 0x4D, 0x44, 0x5F, 0x54, 0x43, 0x4E, 0x5F, 0x4D, 0x79, 0x6F,
  0x54, 0x65, 0x6E, 0x73, 0x6F, 0x72, 0x2F, 0x74, 0x63, 0x6E, 0x5F, 0x63,
  0x6F, 0x6E, 0x76, 0x31, 0x64, 0x5F, 0x61, 0x5F, 0x31, 0x5F, 0x64, 0x31,
  0x2F, 0x52, 0x65, 0x6C, 0x75, 0x3B, 0x53, 0x49, 0x4D, 0x44, 0x5F, 0x54,
  0x43, 0x4E, 0x5F, 0x4D, 0x79, 0x6F, 0x54, 0x65, 0x6E, 0x73, 0x6F, 0x72,
  0x2F, 0x74, 0x63, 0x6E, 0x5F, 0x63, 0x6F, 0x6E, 0x76, 0x31, 0x64, 0x5F,
  0x61, 0x5F, 0x31, 0x5F, 0x64, 0x31, 0x2F, 0x42, 0x69, 0x61, 0x73, 0x41,
  0x64, 0x64, 0x3B, 0x53, 0x49, 0x4D, 0x44, 0x5F, 0x54, 0x43, 0x4E, 0x5F,
  0x4D, 0x79, 0x6F, 0x54, 0x65, 0x6E, 0x73, 0x6F, 0x72, 0x2F, 0x74, 0x63,
  0x6E, 0x5F, 0x63, 0x6F, 0x6E, 0x76, 0x31, 0x64, 0x5F, 0x61, 0x5F, 0x31,
  0x5F, 0x64, 0x31, 0x2F, 0x43, 0x6F, 0x6E, 0x76, 0x31, 0x44, 0x2F, 0x53,
  0x71, 0x75, 0x65, 0x65, 0x7A, 0x65, 0x3B, 0x53, 0x49, 0x4D, 0x44, 0x5F,
  0x54, 0x43, 0x4E, 0x5F, 0x4D, 0x79, 0x6F, 0x54, 0x65, 0x6E, 0x73, 0x6F,
  0x72, 0x2F, 0x74, 0x63, 0x6E, 0x5F, 0x63, 0x6F, 0x6E, 0x76, 0x31, 0x64,
  0x5F, 0x61, 0x5F, 0x31, 0x5F, 0x64, 0x31, 0x2F, 0x42, 0x69, 0x61, 0x73,
  0x41, 0x64, 0x64, 0x2F, 0x52, 0x65, 0x61, 0x64, 0x56, 0x61, 0x72, 0x69,
  0x61, 0x62, 0x6C, 0x65, 0x4F, 0x70, 0x3B, 0x53, 0x49, 0x4D, 0x44, 0x5F,
  0x54, 0x43, 0x4E, 0x5F, 0x4D, 0x79, 0x6F, 0x54, 0x65, 0x6E, 0x73, 0x6F,
  0x72, 0x2F, 0x74, 0x63, 0x6E, 0x5F, 0x63, 0x6F, 0x6E, 0x76, 0x31, 0x64,
  0x5F, 0x61, 0x5F, 0x31, 0x5F, 0x64, 0x31, 0x2F, 0x43, 0x6F, 0x6E, 0x76,
  0x31, 0x44, 0x31, 0x00, 0x04, 0x00, 0x00, 0x00, 0x01, 0x00, 0x00, 0x00,
  0x01, 0x00, 0x00, 0x00, 0x64, 0x00, 0x00, 0x00, 0x10, 0x00, 0x00, 0x00,
  0xAE, 0xE0, 0xFF, 0xFF, 0x00, 0x00, 0x00, 0x01, 0x18, 0x00, 0x00, 0x00,
  0x28, 0x00, 0x00, 0x00, 0x44, 0x00, 0x00, 0x00, 0x27, 0x00, 0x00, 0x00,
  0x00, 0x00, 0x00, 0x09, 0x74, 0x00, 0x00, 0x00, 0x04, 0x00, 0x00, 0x00,
  0xFF, 0xFF, 0xFF, 0xFF, 0x01, 0x00, 0x00, 0x00, 0x66, 0x00, 0x00, 0x00,
  0x10, 0x00, 0x00, 0x00, 0x9C, 0xE0, 0xFF, 0xFF, 0x08, 0x00, 0x00, 0x00,
  0x10, 0x00, 0x00, 0x00, 0x01, 0x00, 0x00, 0x00, 0x80, 0xFF, 0xFF, 0xFF,
  0xFF, 0xFF, 0xFF, 0xFF, 0x01, 0x00, 0x00, 0x00, 0x68, 0x8D, 0x44, 0x3D,
  0x36, 0x00, 0x00, 0x00, 0x53, 0x49, 0x4D, 0x44, 0x5F, 0x54, 0x43, 0x4E,
  0x5F, 0x4D, 0x79, 0x6F, 0x54, 0x65, 0x6E, 0x73, 0x6F, 0x72, 0x2F, 0x74,
  0x63, 0x6E, 0x5F, 0x63, 0x6F, 0x6E, 0x76, 0x31, 0x64, 0x5F, 0x61, 0x5F,
  0x31, 0x5F, 0x64, 0x31, 0x2F, 0x43, 0x6F, 0x6E, 0x76, 0x31, 0x44, 0x2F,
  0x45, 0x78, 0x70, 0x61, 0x6E, 0x64, 0x44, 0x69, 0x6D, 0x73, 0x00, 0x00,
  0x04, 0x00, 0x00, 0x00, 0x01, 0x00, 0x00, 0x00, 0x01, 0x00, 0x00, 0x00,
  0x66, 0x00, 0x00, 0x00, 0x10, 0x00, 0x00, 0x00, 0x52, 0xE1, 0xFF, 0xFF,
  0x00, 0x00, 0x00, 0x01, 0x18, 0x00, 0x00, 0x00, 0x24, 0x00, 0x00, 0x00,
  0x40, 0x00, 0x00, 0x00, 0x26, 0x00, 0x00, 0x00, 0x00, 0x00, 0x00, 0x09,
  0x64, 0x00, 0x00, 0x00, 0x03, 0x00, 0x00, 0x00, 0xFF, 0xFF, 0xFF, 0xFF,
  0x66, 0x00, 0x00, 0x00, 0x10, 0x00, 0x00, 0x00, 0x3C, 0xE1, 0xFF, 0xFF,
  0x08, 0x00, 0x00, 0x00, 0x10, 0x00, 0x00, 0x00, 0x01, 0x00, 0x00, 0x00,
  0x80, 0xFF, 0xFF, 0xFF, 0xFF, 0xFF, 0xFF, 0xFF, 0x01, 0x00, 0x00, 0x00,
  0x68, 0x8D, 0x44, 0x3D, 0x28, 0x00, 0x00, 0x00, 0x53, 0x49, 0x4D, 0x44,
  0x5F, 0x54, 0x43, 0x4E, 0x5F, 0x4D, 0x79, 0x6F, 0x54, 0x65, 0x6E, 0x73,
  0x6F, 0x72, 0x2F, 0x74, 0x63, 0x6E, 0x5F, 0x63, 0x6F, 0x6E, 0x76, 0x31,
  0x64, 0x5F, 0x61, 0x5F, 0x31, 0x5F, 0x64, 0x31, 0x2F, 0x50, 0x61, 0x64,
  0x00, 0x00, 0x00, 0x00, 0x03, 0x00, 0x00, 0x00, 0x01, 0x00, 0x00, 0x00,
  0x66, 0x00, 0x00, 0x00, 0x10, 0x00, 0x00, 0x00, 0xE2, 0xE1, 0xFF, 0xFF,
  0x00, 0x00, 0x00, 0x01, 0x18, 0x00, 0x00, 0x00, 0x24, 0x00, 0x00, 0x00,
  0x44, 0x00, 0x00, 0x00, 0x25, 0x00, 0x00, 0x00, 0x00, 0x00, 0x00, 0x09,
  0xE8, 0x00, 0x00, 0x00, 0x03, 0x00, 0x00, 0x00, 0xFF, 0xFF, 0xFF, 0xFF,
  0x64, 0x00, 0x00, 0x00, 0x10, 0x00, 0x00, 0x00, 0xCC, 0xE1, 0xFF, 0xFF,
  0x08, 0x00, 0x00, 0x00, 0x14, 0x00, 0x00, 0x00, 0x01, 0x00, 0x00, 0x00,
  0x80, 0xFF, 0xFF, 0xFF, 0xFF, 0xFF, 0xFF, 0xFF, 0x00, 0x00, 0x00, 0x00,
  0x01, 0x00, 0x00, 0x00, 0x68, 0x8D, 0x44, 0x3D, 0xAA, 0x00, 0x00, 0x00,
  0x53, 0x49, 0x4D, 0x44, 0x5F, 0x54, 0x43, 0x4E, 0x5F, 0x4D, 0x79, 0x6F,
  0x54, 0x65, 0x6E, 0x73, 0x6F, 0x72, 0x2F, 0x65, 0x6E, 0x74, 0x72, 0x79,
  0x5F, 0x63, 0x6F, 0x6E, 0x76, 0x2F, 0x52, 0x65, 0x6C, 0x75, 0x3B, 0x53,
  0x49, 0x4D, 0x44, 0x5F, 0x54, 0x43, 0x4E, 0x5F, 0x4D, 0x79, 0x6F, 0x54,
  0x65, 0x6E, 0x73, 0x6F, 0x72, 0x2F, 0x65, 0x6E, 0x74, 0x72, 0x79, 0x5F,
  0x63, 0x6F, 0x6E, 0x76, 0x2F, 0x42, 0x69, 0x61, 0x73, 0x41, 0x64, 0x64,
  0x3B, 0x53, 0x49, 0x4D, 0x44, 0x5F, 0x54, 0x43, 0x4E, 0x5F, 0x4D, 0x79,
  0x6F, 0x54, 0x65, 0x6E, 0x73, 0x6F, 0x72, 0x2F, 0x65, 0x6E, 0x74, 0x72,
  0x79, 0x5F, 0x63, 0x6F, 0x6E, 0x76, 0x2F, 0x43, 0x6F, 0x6E, 0x76, 0x31,
  0x44, 0x2F, 0x53, 0x71, 0x75, 0x65, 0x65, 0x7A, 0x65, 0x3B, 0x53, 0x49,
  0x4D, 0x44, 0x5F, 0x54, 0x43, 0x4E, 0x5F, 0x4D, 0x79, 0x6F, 0x54, 0x65,
  0x6E, 0x73, 0x6F, 0x72, 0x2F, 0x65, 0x6E, 0x74, 0x72, 0x79, 0x5F, 0x63,
  0x6F, 0x6E, 0x76, 0x2F, 0x42, 0x69, 0x61, 0x73, 0x41, 0x64, 0x64, 0x2F,
  0x52, 0x65, 0x61, 0x64, 0x56, 0x61, 0x72, 0x69, 0x61, 0x62, 0x6C, 0x65,
  0x4F, 0x70, 0x00, 0x00, 0x03, 0x00, 0x00, 0x00, 0x01, 0x00, 0x00, 0x00,
  0x64, 0x00, 0x00, 0x00, 0x10, 0x00, 0x00, 0x00, 0xF6, 0xE2, 0xFF, 0xFF,
  0x00, 0x00, 0x00, 0x01, 0x18, 0x00, 0x00, 0x00, 0x28, 0x00, 0x00, 0x00,
  0x44, 0x00, 0x00, 0x00, 0x24, 0x00, 0x00, 0x00, 0x00, 0x00, 0x00, 0x09,
  0x10, 0x01, 0x00, 0x00, 0x04, 0x00, 0x00, 0x00, 0xFF, 0xFF, 0xFF, 0xFF,
  0x01, 0x00, 0x00, 0x00, 0x64, 0x00, 0x00, 0x00, 0x10, 0x00, 0x00, 0x00,
  0xE4, 0xE2, 0xFF, 0xFF, 0x08, 0x00, 0x00, 0x00, 0x10, 0x00, 0x00, 0x00,
  0x01, 0x00, 0x00, 0x00, 0x80, 0xFF, 0xFF, 0xFF, 0xFF, 0xFF, 0xFF, 0xFF,
  0x01, 0x00, 0x00, 0x00, 0x68, 0x8D, 0x44, 0x3D, 0xD0, 0x00, 0x00, 0x00,
  0x53, 0x49, 0x4D, 0x44, 0x5F, 0x54, 0x43, 0x4E, 0x5F, 0x4D, 0x79, 0x6F,
  0x54, 0x65, 0x6E, 0x73, 0x6F, 0x72, 0x2F, 0x65, 0x6E, 0x74, 0x72, 0x79,
  0x5F, 0x63, 0x6F, 0x6E, 0x76, 0x2F, 0x52, 0x65, 0x6C, 0x75, 0x3B, 0x53,
  0x49, 0x4D, 0x44, 0x5F, 0x54, 0x43, 0x4E, 0x5F, 0x4D, 0x79, 0x6F, 0x54,
  0x65, 0x6E, 0x73, 0x6F, 0x72, 0x2F, 0x65, 0x6E, 0x74, 0x72, 0x79, 0x5F,
  0x63, 0x6F, 0x6E, 0x76, 0x2F, 0x42, 0x69, 0x61, 0x73, 0x41, 0x64, 0x64,
  0x3B, 0x53, 0x49, 0x4D, 0x44, 0x5F, 0x54, 0x43, 0x4E, 0x5F, 0x4D, 0x79,
  0x6F, 0x54, 0x65, 0x6E, 0x73, 0x6F, 0x72, 0x2F, 0x65, 0x6E, 0x74, 0x72,
  0x79, 0x5F, 0x63, 0x6F, 0x6E, 0x76, 0x2F, 0x43, 0x6F, 0x6E, 0x76, 0x31,
  0x44, 0x2F, 0x53, 0x71, 0x75, 0x65, 0x65, 0x7A, 0x65, 0x3B, 0x53, 0x49,
  0x4D, 0x44, 0x5F, 0x54, 0x43, 0x4E, 0x5F, 0x4D, 0x79, 0x6F, 0x54, 0x65,
  0x6E, 0x73, 0x6F, 0x72, 0x2F, 0x65, 0x6E, 0x74, 0x72, 0x79, 0x5F, 0x63,
  0x6F, 0x6E, 0x76, 0x2F, 0x42, 0x69, 0x61, 0x73, 0x41, 0x64, 0x64, 0x2F,
  0x52, 0x65, 0x61, 0x64, 0x56, 0x61, 0x72, 0x69, 0x61, 0x62, 0x6C, 0x65,
  0x4F, 0x70, 0x3B, 0x53, 0x49, 0x4D, 0x44, 0x5F, 0x54, 0x43, 0x4E, 0x5F,
  0x4D, 0x79, 0x6F, 0x54, 0x65, 0x6E, 0x73, 0x6F, 0x72, 0x2F, 0x65, 0x6E,
  0x74, 0x72, 0x79, 0x5F, 0x63, 0x6F, 0x6E, 0x76, 0x2F, 0x43, 0x6F, 0x6E,
  0x76, 0x31, 0x44, 0x31, 0x00, 0x00, 0x00, 0x00, 0x04, 0x00, 0x00, 0x00,
  0x01, 0x00, 0x00, 0x00, 0x01, 0x00, 0x00, 0x00, 0x64, 0x00, 0x00, 0x00,
  0x10, 0x00, 0x00, 0x00, 0x36, 0xE4, 0xFF, 0xFF, 0x00, 0x00, 0x00, 0x01,
  0x18, 0x00, 0x00, 0x00, 0x28, 0x00, 0x00, 0x00, 0x48, 0x00, 0x00, 0x00,
  0x23, 0x00, 0x00, 0x00, 0x00, 0x00, 0x00, 0x09, 0x70, 0x00, 0x00, 0x00,
  0x04, 0x00, 0x00, 0x00, 0xFF, 0xFF, 0xFF, 0xFF, 0x01, 0x00, 0x00, 0x00,
  0xC8, 0x00, 0x00, 0x00, 0x01, 0x00, 0x00, 0x00, 0x24, 0xE4, 0xFF, 0xFF,
  0x08, 0x00, 0x00, 0x00, 0x14, 0x00, 0x00, 0x00, 0x01, 0x00, 0x00, 0x00,
  0x1E, 0x00, 0x00, 0x00, 0x00, 0x00, 0x00, 0x00, 0x00, 0x00, 0x00, 0x00,
  0x01, 0x00, 0x00, 0x00, 0xF7, 0x6D, 0xC1, 0x3D, 0x2F, 0x00, 0x00, 0x00,
  0x53, 0x49, 0x4D, 0x44, 0x5F, 0x54, 0x43, 0x4E, 0x5F, 0x4D, 0x79, 0x6F,
  0x54, 0x65, 0x6E, 0x73, 0x6F, 0x72, 0x2F, 0x65, 0x6E, 0x74, 0x72, 0x79,
  0x5F, 0x63, 0x6F, 0x6E, 0x76, 0x2F, 0x43, 0x6F, 0x6E, 0x76, 0x31, 0x44,
  0x2F, 0x45, 0x78, 0x70, 0x61, 0x6E, 0x64, 0x44, 0x69, 0x6D, 0x73, 0x00,
  0x04, 0x00, 0x00, 0x00, 0x01, 0x00, 0x00, 0x00, 0x01, 0x00, 0x00, 0x00,
  0xC8, 0x00, 0x00, 0x00, 0x01, 0x00, 0x00, 0x00, 0x2A, 0xE5, 0xFF, 0xFF,
  0x00, 0x00, 0x00, 0x01, 0x14, 0x00, 0x00, 0x00, 0xE4, 0x00, 0x00, 0x00,
  0x22, 0x00, 0x00, 0x00, 0x00, 0x00, 0x00, 0x09, 0x04, 0x01, 0x00, 0x00,
  0xAC, 0xE4, 0xFF, 0xFF, 0x08, 0x00, 0x00, 0x00, 0x88, 0x00, 0x00, 0x00,
  0x10, 0x00, 0x00, 0x00, 0x00, 0x00, 0x00, 0x00, 0x00, 0x00, 0x00, 0x00,
  0x00, 0x00, 0x00, 0x00, 0x00, 0x00, 0x00, 0x00, 0x00, 0x00, 0x00, 0x00,
  0x00, 0x00, 0x00, 0x00, 0x00, 0x00, 0x00, 0x00, 0x00, 0x00, 0x00, 0x00,
  0x00, 0x00, 0x00, 0x00, 0x00, 0x00, 0x00, 0x00, 0x00, 0x00, 0x00, 0x00,
  0x00, 0x00, 0x00, 0x00, 0x00, 0x00, 0x00, 0x00, 0x00, 0x00, 0x00, 0x00,
  0x00, 0x00, 0x00, 0x00, 0x00, 0x00, 0x00, 0x00, 0x00, 0x00, 0x00, 0x00,
  0x00, 0x00, 0x00, 0x00, 0x00, 0x00, 0x00, 0x00, 0x00, 0x00, 0x00, 0x00,
  0x00, 0x00, 0x00, 0x00, 0x00, 0x00, 0x00, 0x00, 0x00, 0x00, 0x00, 0x00,
  0x00, 0x00, 0x00, 0x00, 0x00, 0x00, 0x00, 0x00, 0x00, 0x00, 0x00, 0x00,
  0x00, 0x00, 0x00, 0x00, 0x00, 0x00, 0x00, 0x00, 0x00, 0x00, 0x00, 0x00,
  0x00, 0x00, 0x00, 0x00, 0x00, 0x00, 0x00, 0x00, 0x00, 0x00, 0x00, 0x00,
  0x10, 0x00, 0x00, 0x00, 0x35, 0x51, 0x28, 0x3B, 0x0D, 0x18, 0x85, 0x3B,
  0x1A, 0x2A, 0x2E, 0x3B, 0x4A, 0x46, 0x87, 0x31, 0x58, 0x90, 0x2E, 0x3B,
  0x72, 0x29, 0x2F, 0x3B, 0x4A, 0x46, 0x87, 0x31, 0xAE, 0xCA, 0x3B, 0x3B,
  0x4A, 0x94, 0x40, 0x3B, 0x4A, 0x46, 0x87, 0x31, 0x35, 0x60, 0x77, 0x3B,
  0x4A, 0x46, 0x87, 0x31, 0x70, 0xB9, 0x45, 0x3B, 0x4A, 0x46, 0x87, 0x31,
  0x4A, 0x46, 0x87, 0x31, 0x4A, 0x46, 0x87, 0x31, 0x24, 0x00, 0x00, 0x00,
  0x53, 0x49, 0x4D, 0x44, 0x5F, 0x54, 0x43, 0x4E, 0x5F, 0x4D, 0x79, 0x6F,
  0x54, 0x65, 0x6E, 0x73, 0x6F, 0x72, 0x2F, 0x65, 0x6E, 0x74, 0x72, 0x79,
  0x5F, 0x63, 0x6F, 0x6E, 0x76, 0x2F, 0x43, 0x6F, 0x6E, 0x76, 0x31, 0x44,
  0x00, 0x00, 0x00, 0x00, 0x04, 0x00, 0x00, 0x00, 0x10, 0x00, 0x00, 0x00,
  0x01, 0x00, 0x00, 0x00, 0x03, 0x00, 0x00, 0x00, 0x01, 0x00, 0x00, 0x00,
  0x5A, 0xE6, 0xFF, 0xFF, 0x00, 0x00, 0x00, 0x01, 0x14, 0x00, 0x00, 0x00,
  0xE8, 0x00, 0x00, 0x00, 0x21, 0x00, 0x00, 0x00, 0x00, 0x00, 0x00, 0x02,
  0xB0, 0x01, 0x00, 0x00, 0xDC, 0xE5, 0xFF, 0xFF, 0x08, 0x00, 0x00, 0x00,
  0x8C, 0x00, 0x00, 0x00, 0x10, 0x00, 0x00, 0x00, 0x00, 0x00, 0x00, 0x00,
  0x00, 0x00, 0x00, 0x00, 0x00, 0x00, 0x00, 0x00, 0x00, 0x00, 0x00, 0x00,
  0x00, 0x00, 0x00, 0x00, 0x00, 0x00, 0x00, 0x00, 0x00, 0x00, 0x00, 0x00,
  0x00, 0x00, 0x00, 0x00, 0x00, 0x00, 0x00, 0x00, 0x00, 0x00, 0x00, 0x00,
  0x00, 0x00, 0x00, 0x00, 0x00, 0x00, 0x00, 0x00, 0x00, 0x00, 0x00, 0x00,
  0x00, 0x00, 0x00, 0x00, 0x00, 0x00, 0x00, 0x00, 0x00, 0x00, 0x00, 0x00,
  0x00, 0x00, 0x00, 0x00, 0x00, 0x00, 0x00, 0x00, 0x00, 0x00, 0x00, 0x00,
  0x00, 0x00, 0x00, 0x00, 0x00, 0x00, 0x00, 0x00, 0x00, 0x00, 0x00, 0x00,
  0x00, 0x00, 0x00, 0x00, 0x00, 0x00, 0x00, 0x00, 0x00, 0x00, 0x00, 0x00,
  0x00, 0x00, 0x00, 0x00, 0x00, 0x00, 0x00, 0x00, 0x00, 0x00, 0x00, 0x00,
  0x00, 0x00, 0x00, 0x00, 0x00, 0x00, 0x00, 0x00, 0x00, 0x00, 0x00, 0x00,
  0x00, 0x00, 0x00, 0x00, 0x00, 0x00, 0x00, 0x00, 0x10, 0x00, 0x00, 0x00,
  0x0C, 0x5B, 0x7E, 0x39, 0x9B, 0x20, 0xC9, 0x39, 0x8E, 0x98, 0x83, 0x39,
  0x32, 0x6C, 0xCC, 0x2F, 0xCE, 0xE5, 0x83, 0x39, 0x7D, 0x59, 0x84, 0x39,
  0x32, 0x6C, 0xCC, 0x2F, 0x78, 0xE4, 0x8D, 0x39, 0x85, 0x82, 0x91, 0x39,
  0x32, 0x6C, 0xCC, 0x2F, 0xCB, 0xE9, 0xBA, 0x39, 0x32, 0x6C, 0xCC, 0x2F,
  0xBC, 0x65, 0x95, 0x39, 0x32, 0x6C, 0xCC, 0x2F, 0x32, 0x6C, 0xCC, 0x2F,
  0x32, 0x6C, 0xCC, 0x2F, 0xCF, 0x00, 0x00, 0x00, 0x53, 0x49, 0x4D, 0x44,
  0x5F, 0x54, 0x43, 0x4E, 0x5F, 0x4D, 0x79, 0x6F, 0x54, 0x65, 0x6E, 0x73,
  0x6F, 0x72, 0x2F, 0x65, 0x6E, 0x74, 0x72, 0x79, 0x5F, 0x63, 0x6F, 0x6E,
  0x76, 0x2F, 0x52, 0x65, 0x6C, 0x75, 0x3B, 0x53, 0x49, 0x4D, 0x44, 0x5F,
  0x54, 0x43, 0x4E, 0x5F, 0x4D, 0x79, 0x6F, 0x54, 0x65, 0x6E, 0x73, 0x6F,
  0x72, 0x2F, 0x65, 0x6E, 0x74, 0x72, 0x79, 0x5F, 0x63, 0x6F, 0x6E, 0x76,
  0x2F, 0x42, 0x69, 0x61, 0x73, 0x41, 0x64, 0x64, 0x3B, 0x53, 0x49, 0x4D,
  0x44, 0x5F, 0x54, 0x43, 0x4E, 0x5F, 0x4D, 0x79, 0x6F, 0x54, 0x65, 0x6E,
  0x73, 0x6F, 0x72, 0x2F, 0x65, 0x6E, 0x74, 0x72, 0x79, 0x5F, 0x63, 0x6F,
  0x6E, 0x76, 0x2F, 0x43, 0x6F, 0x6E, 0x76, 0x31, 0x44, 0x2F, 0x53, 0x71,
  0x75, 0x65, 0x65, 0x7A, 0x65, 0x3B, 0x53, 0x49, 0x4D, 0x44, 0x5F, 0x54,
  0x43, 0x4E, 0x5F, 0x4D, 0x79, 0x6F, 0x54, 0x65, 0x6E, 0x73, 0x6F, 0x72,
  0x2F, 0x65, 0x6E, 0x74, 0x72, 0x79, 0x5F, 0x63, 0x6F, 0x6E, 0x76, 0x2F,
  0x42, 0x69, 0x61, 0x73, 0x41, 0x64, 0x64, 0x2F, 0x52, 0x65, 0x61, 0x64,
  0x56, 0x61, 0x72, 0x69, 0x61, 0x62, 0x6C, 0x65, 0x4F, 0x70, 0x3B, 0x53,
  0x49, 0x4D, 0x44, 0x5F, 0x54, 0x43, 0x4E, 0x5F, 0x4D, 0x79, 0x6F, 0x54,
  0x65, 0x6E, 0x73, 0x6F, 0x72, 0x2F, 0x65, 0x6E, 0x74, 0x72, 0x79, 0x5F,
  0x63, 0x6F, 0x6E, 0x76, 0x2F, 0x43, 0x6F, 0x6E, 0x76, 0x31, 0x44, 0x00,
  0x01, 0x00, 0x00, 0x00, 0x10, 0x00, 0x00, 0x00, 0x2A, 0xE8, 0xFF, 0xFF,
  0x00, 0x00, 0x00, 0x01, 0x14, 0x00, 0x00, 0x00, 0xE8, 0x00, 0x00, 0x00,
  0x20, 0x00, 0x00, 0x00, 0x00, 0x00, 0x00, 0x09, 0x0C, 0x01, 0x00, 0x00,
  0xAC, 0xE7, 0xFF, 0xFF, 0x08, 0x00, 0x00, 0x00, 0x8C, 0x00, 0x00, 0x00,
  0x10, 0x00, 0x00, 0x00, 0x00, 0x00, 0x00, 0x00, 0x00, 0x00, 0x00, 0x00,
  0x00, 0x00, 0x00, 0x00, 0x00, 0x00, 0x00, 0x00, 0x00, 0x00, 0x00, 0x00,
  0x00, 0x00, 0x00, 0x00, 0x00, 0x00, 0x00, 0x00, 0x00, 0x00, 0x00, 0x00,
  0x00, 0x00, 0x00, 0x00, 0x00, 0x00, 0x00, 0x00, 0x00, 0x00, 0x00, 0x00,
  0x00, 0x00, 0x00, 0x00, 0x00, 0x00, 0x00, 0x00, 0x00, 0x00, 0x00, 0x00,
  0x00, 0x00, 0x00, 0x00, 0x00, 0x00, 0x00, 0x00, 0x00, 0x00, 0x00, 0x00,
  0x00, 0x00, 0x00, 0x00, 0x00, 0x00, 0x00, 0x00, 0x00, 0x00, 0x00, 0x00,
  0x00, 0x00, 0x00, 0x00, 0x00, 0x00, 0x00, 0x00, 0x00, 0x00, 0x00, 0x00,
  0x00, 0x00, 0x00, 0x00, 0x00, 0x00, 0x00, 0x00, 0x00, 0x00, 0x00, 0x00,
  0x00, 0x00, 0x00, 0x00, 0x00, 0x00, 0x00, 0x00, 0x00, 0x00, 0x00, 0x00,
  0x00, 0x00, 0x00, 0x00, 0x00, 0x00, 0x00, 0x00, 0x00, 0x00, 0x00, 0x00,
  0x00, 0x00, 0x00, 0x00, 0x10, 0x00, 0x00, 0x00, 0x8C, 0xCD, 0x30, 0x3B,
  0xA1, 0x92, 0x1C, 0x3B, 0x13, 0xCF, 0x43, 0x3B, 0xEE, 0xD1, 0x2C, 0x3B,
  0x53, 0xBC, 0x34, 0x3B, 0xF5, 0x02, 0x8C, 0x3B, 0xBC, 0xDD, 0x8C, 0x3B,
  0xCE, 0x58, 0x6C, 0x3B, 0x69, 0xB6, 0x32, 0x3B, 0xAC, 0xE6, 0x46, 0x3B,
  0x3B, 0xF8, 0x41, 0x3B, 0xE9, 0xA3, 0xF7, 0x3B, 0xEC, 0x0E, 0x64, 0x3B,
  0xEE, 0x7E, 0x30, 0x3B, 0x54, 0xC4, 0x00, 0x3B, 0xDA, 0x8E, 0x22, 0x3B,
  0x2B, 0x00, 0x00, 0x00, 0x53, 0x49, 0x4D, 0x44, 0x5F, 0x54, 0x43, 0x4E,
  0x5F, 0x4D, 0x79, 0x6F, 0x54, 0x65, 0x6E, 0x73, 0x6F, 0x72, 0x2F, 0x74,
  0x63, 0x6E, 0x5F, 0x63, 0x6F, 0x6E, 0x76, 0x31, 0x64, 0x5F, 0x61, 0x5F,
  0x31, 0x5F, 0x64, 0x31, 0x2F, 0x43, 0x6F, 0x6E, 0x76, 0x31, 0x44, 0x00,
  0x04, 0x00, 0x00, 0x00, 0x10, 0x00, 0x00, 0x00, 0x01, 0x00, 0x00, 0x00,
  0x03, 0x00, 0x00, 0x00, 0x10, 0x00, 0x00, 0x00, 0x62, 0xE9, 0xFF, 0xFF,
  0x00, 0x00, 0x00, 0x01, 0x14, 0x00, 0x00, 0x00, 0xE4, 0x00, 0x00, 0x00,
  0x1F, 0x00, 0x00, 0x00, 0x00, 0x00, 0x00, 0x02, 0xD0, 0x01, 0x00, 0x00,
  0xE4, 0xE8, 0xFF, 0xFF, 0x08, 0x00, 0x00, 0x00, 0x88, 0x00, 0x00, 0x00,
  0x10, 0x00, 0x00, 0x00, 0x00, 0x00, 0x00, 0x00, 0x00, 0x00, 0x00, 0x00,
  0x00, 0x00, 0x00, 0x00, 0x00, 0x00, 0x00, 0x00, 0x00, 0x00, 0x00, 0x00,
  0x00, 0x00, 0x00, 0x00, 0x00, 0x00, 0x00, 0x00, 0x00, 0x00, 0x00, 0x00,
  0x00, 0x00, 0x00, 0x00, 0x00, 0x00, 0x00, 0x00, 0x00, 0x00, 0x00, 0x00,
  0x00, 0x00, 0x00, 0x00, 0x00, 0x00, 0x00, 0x00, 0x00, 0x00, 0x00, 0x00,
  0x00, 0x00, 0x00, 0x00, 0x00, 0x00, 0x00, 0x00, 0x00, 0x00, 0x00, 0x00,
  0x00, 0x00, 0x00, 0x00, 0x00, 0x00, 0x00, 0x00, 0x00, 0x00, 0x00, 0x00,
  0x00, 0x00, 0x00, 0x00, 0x00, 0x00, 0x00, 0x00, 0x00, 0x00, 0x00, 0x00,
  0x00, 0x00, 0x00, 0x00, 0x00, 0x00, 0x00, 0x00, 0x00, 0x00, 0x00, 0x00,
  0x00, 0x00, 0x00, 0x00, 0x00, 0x00, 0x00, 0x00, 0x00, 0x00, 0x00, 0x00,
  0x00, 0x00, 0x00, 0x00, 0x00, 0x00, 0x00, 0x00, 0x00, 0x00, 0x00, 0x00,
  0x10, 0x00, 0x00, 0x00, 0x08, 0xBF, 0x07, 0x39, 0x7F, 0x6D, 0xF0, 0x38,
  0xB3, 0x56, 0x16, 0x39, 0x30, 0xB0, 0x04, 0x39, 0x05, 0xC4, 0x0A, 0x39,
  0x34, 0xFF, 0x56, 0x39, 0x27, 0x4F, 0x58, 0x39, 0x8B, 0x76, 0x35, 0x39,
  0x5F, 0x36, 0x09, 0x39, 0x7A, 0xB6, 0x18, 0x39, 0x32, 0xED, 0x14, 0x39,
  0x48, 0x22, 0xBE, 0x39, 0x66, 0x19, 0x2F, 0x39, 0xAC, 0x82, 0x07, 0x39,
  0xE2, 0xBA, 0xC5, 0x38, 0x53, 0x9E, 0xF9, 0x38, 0xF2, 0x00, 0x00, 0x00,
  0x53, 0x49, 0x4D, 0x44, 0x5F, 0x54, 0x43, 0x4E, 0x5F, 0x4D, 0x79, 0x6F,
  0x54, 0x65, 0x6E, 0x73, 0x6F, 0x72, 0x2F, 0x74, 0x63, 0x6E, 0x5F, 0x63,
  0x6F, 0x6E, 0x76, 0x31, 0x64, 0x5F, 0x61, 0x5F, 0x31, 0x5F, 0x64, 0x31,
  0x2F, 0x52, 0x65, 0x6C, 0x75, 0x3B, 0x53, 0x49, 0x4D, 0x44, 0x5F, 0x54,
  0x43, 0x4E, 0x5F, 0x4D, 0x79, 0x6F, 0x54, 0x65, 0x6E, 0x73, 0x6F, 0x72,
  0x2F, 0x74, 0x63, 0x6E, 0x5F, 0x63, 0x6F, 0x6E, 0x76, 0x31, 0x64, 0x5F,
  0x61, 0x5F, 0x31, 0x5F, 0x64, 0x31, 0x2F, 0x42, 0x69, 0x61, 0x73, 0x41,
  0x64, 0x64, 0x3B, 0x53, 0x49, 0x4D, 0x44, 0x5F, 0x54, 0x43, 0x4E, 0x5F,
  0x4D, 0x79, 0x6F, 0x54, 0x65, 0x6E, 0x73, 0x6F, 0x72, 0x2F, 0x74, 0x63,
  0x6E, 0x5F, 0x63, 0x6F, 0x6E, 0x76, 0x31, 0x64, 0x5F, 0x61, 0x5F, 0x31,
  0x5F, 0x64, 0x31, 0x2F, 0x43, 0x6F, 0x6E, 0x76, 0x31, 0x44, 0x2F, 0x53,
  0x71, 0x75, 0x65, 0x65, 0x7A, 0x65, 0x3B, 0x53, 0x49, 0x4D, 0x44, 0x5F,
  0x54, 0x43, 0x4E, 0x5F, 0x4D, 0x79, 0x6F, 0x54, 0x65, 0x6E, 0x73, 0x6F,
  0x72, 0x2F, 0x74, 0x63, 0x6E, 0x5F, 0x63, 0x6F, 0x6E, 0x76, 0x31, 0x64,
  0x5F, 0x61, 0x5F, 0x31, 0x5F, 0x64, 0x31, 0x2F, 0x42, 0x69, 0x61, 0x73,
  0x41, 0x64, 0x64, 0x2F, 0x52, 0x65, 0x61, 0x64, 0x56, 0x61, 0x72, 0x69,
  0x61, 0x62, 0x6C, 0x65, 0x4F, 0x70, 0x3B, 0x53, 0x49, 0x4D, 0x44, 0x5F,
  0x54, 0x43, 0x4E, 0x5F, 0x4D, 0x79, 0x6F, 0x54, 0x65, 0x6E, 0x73, 0x6F,
  0x72, 0x2F, 0x74, 0x63, 0x6E, 0x5F, 0x63, 0x6F, 0x6E, 0x76, 0x31, 0x64,
  0x5F, 0x61, 0x5F, 0x31, 0x5F, 0x64, 0x31, 0x2F, 0x43, 0x6F, 0x6E, 0x76,
  0x31, 0x44, 0x00, 0x00, 0x01, 0x00, 0x00, 0x00, 0x10, 0x00, 0x00, 0x00,
  0x52, 0xEB, 0xFF, 0xFF, 0x00, 0x00, 0x00, 0x01, 0x14, 0x00, 0x00, 0x00,
  0xE8, 0x00, 0x00, 0x00, 0x1E, 0x00, 0x00, 0x00, 0x00, 0x00, 0x00, 0x09,
  0x0C, 0x01, 0x00, 0x00, 0xD4, 0xEA, 0xFF, 0xFF, 0x08, 0x00, 0x00, 0x00,
  0x8C, 0x00, 0x00, 0x00, 0x10, 0x00, 0x00, 0x00, 0x00, 0x00, 0x00, 0x00,
  0x00, 0x00, 0x00, 0x00, 0x00, 0x00, 0x00, 0x00, 0x00, 0x00, 0x00, 0x00,
  0x00, 0x00, 0x00, 0x00, 0x00, 0x00, 0x00, 0x00, 0x00, 0x00, 0x00, 0x00,
  0x00, 0x00, 0x00, 0x00, 0x00, 0x00, 0x00, 0x00, 0x00, 0x00, 0x00, 0x00,
  0x00, 0x00, 0x00, 0x00, 0x00, 0x00, 0x00, 0x00, 0x00, 0x00, 0x00, 0x00,
  0x00, 0x00, 0x00, 0x00, 0x00, 0x00, 0x00, 0x00, 0x00, 0x00, 0x00, 0x00,
  0x00, 0x00, 0x00, 0x00, 0x00, 0x00, 0x00, 0x00, 0x00, 0x00, 0x00, 0x00,
  0x00, 0x00, 0x00, 0x00, 0x00, 0x00, 0x00, 0x00, 0x00, 0x00, 0x00, 0x00,
  0x00, 0x00, 0x00, 0x00, 0x00, 0x00, 0x00, 0x00, 0x00, 0x00, 0x00, 0x00,
  0x00, 0x00, 0x00, 0x00, 0x00, 0x00, 0x00, 0x00, 0x00, 0x00, 0x00, 0x00,
  0x00, 0x00, 0x00, 0x00, 0x00, 0x00, 0x00, 0x00, 0x00, 0x00, 0x00, 0x00,
  0x00, 0x00, 0x00, 0x00, 0x00, 0x00, 0x00, 0x00, 0x10, 0x00, 0x00, 0x00,
  0x70, 0xE2, 0x9A, 0x3B, 0xD2, 0x8F, 0xBD, 0x3B, 0x38, 0xA4, 0x40, 0x3B,
  0x79, 0xBC, 0x78, 0x3B, 0x50, 0x63, 0x26, 0x3B, 0x67, 0x4C, 0x88, 0x3B,
  0x24, 0x26, 0x24, 0x3B, 0x86, 0x88, 0x78, 0x3B, 0x53, 0xBC, 0x64, 0x3B,
  0x64, 0x05, 0x32, 0x3B, 0x1D, 0x1B, 0x42, 0x3B, 0x9E, 0x38, 0x14, 0x3B,
  0xF4, 0x31, 0x11, 0x3B, 0xA6, 0x81, 0x1F, 0x3B, 0x70, 0x20, 0x7B, 0x3B,
  0xBA, 0xF3, 0x36, 0x3B, 0x2B, 0x00, 0x00, 0x00, 0x53, 0x49, 0x4D, 0x44,
  0x5F, 0x54, 0x43, 0x4E, 0x5F, 0x4D, 0x79, 0x6F, 0x54, 0x65, 0x6E, 0x73,
  0x6F, 0x72, 0x2F, 0x74, 0x63, 0x6E, 0x5F, 0x63, 0x6F, 0x6E, 0x76, 0x31,
  0x64, 0x5F, 0x62, 0x5F, 0x31, 0x5F, 0x64, 0x31, 0x2F, 0x43, 0x6F, 0x6E,
  0x76, 0x31, 0x44, 0x00, 0x04, 0x00, 0x00, 0x00, 0x10, 0x00, 0x00, 0x00,
  0x01, 0x00, 0x00, 0x00, 0x03, 0x00, 0x00, 0x00, 0x10, 0x00, 0x00, 0x00,
  0x8A, 0xEC, 0xFF, 0xFF, 0x00, 0x00, 0x00, 0x01, 0x14, 0x00, 0x00, 0x00,
  0xE4, 0x00, 0x00, 0x00, 0x1D, 0x00, 0x00, 0x00, 0x00, 0x00, 0x00, 0x02,
  0xD0, 0x01, 0x00, 0x00, 0x0C, 0xEC, 0xFF, 0xFF, 0x08, 0x00, 0x00, 0x00,
  0x88, 0x00, 0x00, 0x00, 0x10, 0x00, 0x00, 0x00, 0x00, 0x00, 0x00, 0x00,
  0x00, 0x00, 0x00, 0x00, 0x00, 0x00, 0x00, 0x00, 0x00, 0x00, 0x00, 0x00,
  0x00, 0x00, 0x00, 0x00, 0x00, 0x00, 0x00, 0x00, 0x00, 0x00, 0x00, 0x00,
  0x00, 0x00, 0x00, 0x00, 0x00, 0x00, 0x00, 0x00, 0x00, 0x00, 0x00, 0x00,
  0x00, 0x00, 0x00, 0x00, 0x00, 0x00, 0x00, 0x00, 0x00, 0x00, 0x00, 0x00,
  0x00, 0x00, 0x00, 0x00, 0x00, 0x00, 0x00, 0x00, 0x00, 0x00, 0x00, 0x00,
  0x00, 0x00, 0x00, 0x00, 0x00, 0x00, 0x00, 0x00, 0x00, 0x00, 0x00, 0x00,
  0x00, 0x00, 0x00, 0x00, 0x00, 0x00, 0x00, 0x00, 0x00, 0x00, 0x00, 0x00,
  0x00, 0x00, 0x00, 0x00, 0x00, 0x00, 0x00, 0x00, 0x00, 0x00, 0x00, 0x00,
  0x00, 0x00, 0x00, 0x00, 0x00, 0x00, 0x00, 0x00, 0x00, 0x00, 0x00, 0x00,
  0x00, 0x00, 0x00, 0x00, 0x00, 0x00, 0x00, 0x00, 0x00, 0x00, 0x00, 0x00,
  0x00, 0x00, 0x00, 0x00, 0x10, 0x00, 0x00, 0x00, 0x65, 0x2E, 0x71, 0x39,
  0xFC, 0x96, 0x93, 0x39, 0xD2, 0xFC, 0x15, 0x39, 0x7C, 0xA9, 0x41, 0x39,
  0x07, 0x8C, 0x01, 0x39, 0x55, 0x3D, 0x54, 0x39, 0x88, 0x9B, 0xFF, 0x38,
  0x09, 0x81, 0x41, 0x39, 0x04, 0x17, 0x32, 0x39, 0xB7, 0x9A, 0x0A, 0x39,
  0xB5, 0x20, 0x17, 0x39, 0x25, 0xCE, 0xE6, 0x38, 0xDD, 0x17, 0xE2, 0x38,
  0xDA, 0x60, 0xF8, 0x38, 0xF3, 0x85, 0x43, 0x39, 0x8C, 0x71, 0x0E, 0x39,
  0xF2, 0x00, 0x00, 0x00, 0x53, 0x49, 0x4D, 0x44, 0x5F, 0x54, 0x43, 0x4E,
  0x5F, 0x4D, 0x79, 0x6F, 0x54, 0x65, 0x6E, 0x73, 0x6F, 0x72, 0x2F, 0x74,
  0x63, 0x6E, 0x5F, 0x63, 0x6F, 0x6E, 0x76, 0x31, 0x64, 0x5F, 0x62, 0x5F,
  0x31, 0x5F, 0x64, 0x31, 0x2F, 0x52, 0x65, 0x6C, 0x75, 0x3B, 0x53, 0x49,
  0x4D, 0x44, 0x5F, 0x54, 0x43, 0x4E, 0x5F, 0x4D, 0x79, 0x6F, 0x54, 0x65,
  0x6E, 0x73, 0x6F, 0x72, 0x2F, 0x74, 0x63, 0x6E, 0x5F, 0x63, 0x6F, 0x6E,
  0x76, 0x31, 0x64, 0x5F, 0x62, 0x5F, 0x31, 0x5F, 0x64, 0x31, 0x2F, 0x42,
  0x69, 0x61, 0x73, 0x41, 0x64, 0x64, 0x3B, 0x53, 0x49, 0x4D, 0x44, 0x5F,
  0x54, 0x43, 0x4E, 0x5F, 0x4D, 0x79, 0x6F, 0x54, 0x65, 0x6E, 0x73, 0x6F,
  0x72, 0x2F, 0x74, 0x63, 0x6E, 0x5F, 0x63, 0x6F, 0x6E, 0x76, 0x31, 0x64,
  0x5F, 0x62, 0x5F, 0x31, 0x5F, 0x64, 0x31, 0x2F, 0x43, 0x6F, 0x6E, 0x76,
  0x31, 0x44, 0x2F, 0x53, 0x71, 0x75, 0x65, 0x65, 0x7A, 0x65, 0x3B, 0x53,
  0x49, 0x4D, 0x44, 0x5F, 0x54, 0x43, 0x4E, 0x5F, 0x4D, 0x79, 0x6F, 0x54,
  0x65, 0x6E, 0x73, 0x6F, 0x72, 0x2F, 0x74, 0x63, 0x6E, 0x5F, 0x63, 0x6F,
  0x6E, 0x76, 0x31, 0x64, 0x5F, 0x62, 0x5F, 0x31, 0x5F, 0x64, 0x31, 0x2F,
  0x42, 0x69, 0x61, 0x73, 0x41, 0x64, 0x64, 0x2F, 0x52, 0x65, 0x61, 0x64,
  0x56, 0x61, 0x72, 0x69, 0x61, 0x62, 0x6C, 0x65, 0x4F, 0x70, 0x3B, 0x53,
  0x49, 0x4D, 0x44, 0x5F, 0x54, 0x43, 0x4E, 0x5F, 0x4D, 0x79, 0x6F, 0x54,
  0x65, 0x6E, 0x73, 0x6F, 0x72, 0x2F, 0x74, 0x63, 0x6E, 0x5F, 0x63, 0x6F,
  0x6E, 0x76, 0x31, 0x64, 0x5F, 0x62, 0x5F, 0x31, 0x5F, 0x64, 0x31, 0x2F,
  0x43, 0x6F, 0x6E, 0x76, 0x31, 0x44, 0x00, 0x00, 0x01, 0x00, 0x00, 0x00,
  0x10, 0x00, 0x00, 0x00, 0x7A, 0xEE, 0xFF, 0xFF, 0x00, 0x00, 0x00, 0x01,
  0x14, 0x00, 0x00, 0x00, 0xE8, 0x00, 0x00, 0x00, 0x1C, 0x00, 0x00, 0x00,
  0x00, 0x00, 0x00, 0x09, 0x0C, 0x01, 0x00, 0x00, 0xFC, 0xED, 0xFF, 0xFF,
  0x08, 0x00, 0x00, 0x00, 0x8C, 0x00, 0x00, 0x00, 0x10, 0x00, 0x00, 0x00,
  0x00, 0x00, 0x00, 0x00, 0x00, 0x00, 0x00, 0x00, 0x00, 0x00, 0x00, 0x00,
  0x00, 0x00, 0x00, 0x00, 0x00, 0x00, 0x00, 0x00, 0x00, 0x00, 0x00, 0x00,
  0x00, 0x00, 0x00, 0x00, 0x00, 0x00, 0x00, 0x00, 0x00, 0x00, 0x00, 0x00,
  0x00, 0x00, 0x00, 0x00, 0x00, 0x00, 0x00, 0x00, 0x00, 0x00, 0x00, 0x00,
  0x00, 0x00, 0x00, 0x00, 0x00, 0x00, 0x00, 0x00, 0x00, 0x00, 0x00, 0x00,
  0x00, 0x00, 0x00, 0x00, 0x00, 0x00, 0x00, 0x00, 0x00, 0x00, 0x00, 0x00,
  0x00, 0x00, 0x00, 0x00, 0x00, 0x00, 0x00, 0x00, 0x00, 0x00, 0x00, 0x00,
  0x00, 0x00, 0x00, 0x00, 0x00, 0x00, 0x00, 0x00, 0x00, 0x00, 0x00, 0x00,
  0x00, 0x00, 0x00, 0x00, 0x00, 0x00, 0x00, 0x00, 0x00, 0x00, 0x00, 0x00,
  0x00, 0x00, 0x00, 0x00, 0x00, 0x00, 0x00, 0x00, 0x00, 0x00, 0x00, 0x00,
  0x00, 0x00, 0x00, 0x00, 0x00, 0x00, 0x00, 0x00, 0x00, 0x00, 0x00, 0x00,
  0x10, 0x00, 0x00, 0x00, 0x95, 0x59, 0x36, 0x3B, 0xD5, 0xF5, 0x3C, 0x3B,
  0x94, 0xAD, 0x0B, 0x3B, 0x92, 0x77, 0x0A, 0x3B, 0xF9, 0xA0, 0xA2, 0x3B,
  0x77, 0x6B, 0x2A, 0x3B, 0x6E, 0x76, 0x0B, 0x3B, 0xF7, 0xA4, 0x4E, 0x3B,
  0x5C, 0x39, 0x62, 0x3B, 0x73, 0x5D, 0x4F, 0x3B, 0xF8, 0x23, 0x32, 0x3B,
  0xD0, 0x4A, 0x3C, 0x3B, 0xF4, 0xB7, 0x3F, 0x3B, 0xE0, 0x14, 0x3D, 0x3B,
  0xCF, 0xC0, 0xA9, 0x3B, 0x52, 0x31, 0x10, 0x3B, 0x2B, 0x00, 0x00, 0x00,
  0x53, 0x49, 0x4D, 0x44, 0x5F, 0x54, 0x43, 0x4E, 0x5F, 0x4D, 0x79, 0x6F,
  0x54, 0x65, 0x6E, 0x73, 0x6F, 0x72, 0x2F, 0x74, 0x63, 0x6E, 0x5F, 0x63,
  0x6F, 0x6E, 0x76, 0x31, 0x64, 0x5F, 0x61, 0x5F, 0x32, 0x5F, 0x64, 0x32,
  0x2F, 0x43, 0x6F, 0x6E, 0x76, 0x31, 0x44, 0x00, 0x04, 0x00, 0x00, 0x00,
  0x10, 0x00, 0x00, 0x00, 0x01, 0x00, 0x00, 0x00, 0x03, 0x00, 0x00, 0x00,
  0x10, 0x00, 0x00, 0x00, 0xB2, 0xEF, 0xFF, 0xFF, 0x00, 0x00, 0x00, 0x01,
  0x14, 0x00, 0x00, 0x00, 0xE4, 0x00, 0x00, 0x00, 0x18, 0x00, 0x00, 0x00,
  0x00, 0x00, 0x00, 0x02, 0xF0, 0x00, 0x00, 0x00, 0x34, 0xEF, 0xFF, 0xFF,
  0x08, 0x00, 0x00, 0x00, 0x88, 0x00, 0x00, 0x00, 0x10, 0x00, 0x00, 0x00,
  0x00, 0x00, 0x00, 0x00, 0x00, 0x00, 0x00, 0x00, 0x00, 0x00, 0x00, 0x00,
  0x00, 0x00, 0x00, 0x00, 0x00, 0x00, 0x00, 0x00, 0x00, 0x00, 0x00, 0x00,
  0x00, 0x00, 0x00, 0x00, 0x00, 0x00, 0x00, 0x00, 0x00, 0x00, 0x00, 0x00,
  0x00, 0x00, 0x00, 0x00, 0x00, 0x00, 0x00, 0x00, 0x00, 0x00, 0x00, 0x00,
  0x00, 0x00, 0x00, 0x00, 0x00, 0x00, 0x00, 0x00, 0x00, 0x00, 0x00, 0x00,
  0x00, 0x00, 0x00, 0x00, 0x00, 0x00, 0x00, 0x00, 0x00, 0x00, 0x00, 0x00,
  0x00, 0x00, 0x00, 0x00, 0x00, 0x00, 0x00, 0x00, 0x00, 0x00, 0x00, 0x00,
  0x00, 0x00, 0x00, 0x00, 0x00, 0x00, 0x00, 0x00, 0x00, 0x00, 0x00, 0x00,
  0x00, 0x00, 0x00, 0x00, 0x00, 0x00, 0x00, 0x00, 0x00, 0x00, 0x00, 0x00,
  0x00, 0x00, 0x00, 0x00, 0x00, 0x00, 0x00, 0x00, 0x00, 0x00, 0x00, 0x00,
  0x00, 0x00, 0x00, 0x00, 0x00, 0x00, 0x00, 0x00, 0x10, 0x00, 0x00, 0x00,
  0xFC, 0x02, 0x93, 0x3A, 0x89, 0xBB, 0xB3, 0x3A, 0x43, 0x10, 0xA4, 0x3A,
  0x00, 0x36, 0x7B, 0x3A, 0x5A, 0xF3, 0x8F, 0x3A, 0x9C, 0xE1, 0x8E, 0x3A,
  0xB8, 0x1E, 0x63, 0x3A, 0xC8, 0x3F, 0x65, 0x3A, 0x31, 0x43, 0xCB, 0x3A,
  0xF1, 0x86, 0x9D, 0x3A, 0x32, 0x19, 0x91, 0x3A, 0x60, 0xAE, 0xDD, 0x3A,
  0x98, 0x9F, 0x8D, 0x3A, 0x23, 0x8B, 0xAC, 0x3A, 0xCD, 0x03, 0x8D, 0x3A,
  0x56, 0x80, 0xF2, 0x3A, 0x10, 0x00, 0x00, 0x00, 0x61, 0x72, 0x69, 0x74,
  0x68, 0x2E, 0x63, 0x6F, 0x6E, 0x73, 0x74, 0x61, 0x6E, 0x74, 0x33, 0x33,
  0x00, 0x00, 0x00, 0x00, 0x01, 0x00, 0x00, 0x00, 0x10, 0x00, 0x00, 0x00,
  0xC2, 0xF0, 0xFF, 0xFF, 0x00, 0x00, 0x00, 0x01, 0x14, 0x00, 0x00, 0x00,
  0xE4, 0x00, 0x00, 0x00, 0x18, 0x00, 0x00, 0x00, 0x00, 0x00, 0x00, 0x02,
  0xF0, 0x00, 0x00, 0x00, 0x44, 0xF0, 0xFF, 0xFF, 0x08, 0x00, 0x00, 0x00,
  0x88, 0x00, 0x00, 0x00, 0x10, 0x00, 0x00, 0x00, 0x00, 0x00, 0x00, 0x00,
  0x00, 0x00, 0x00, 0x00, 0x00, 0x00, 0x00, 0x00, 0x00, 0x00, 0x00, 0x00,
  0x00, 0x00, 0x00, 0x00, 0x00, 0x00, 0x00, 0x00, 0x00, 0x00, 0x00, 0x00,
  0x00, 0x00, 0x00, 0x00, 0x00, 0x00, 0x00, 0x00, 0x00, 0x00, 0x00, 0x00,
  0x00, 0x00, 0x00, 0x00, 0x00, 0x00, 0x00, 0x00, 0x00, 0x00, 0x00, 0x00,
  0x00, 0x00, 0x00, 0x00, 0x00, 0x00, 0x00, 0x00, 0x00, 0x00, 0x00, 0x00,
  0x00, 0x00, 0x00, 0x00, 0x00, 0x00, 0x00, 0x00, 0x00, 0x00, 0x00, 0x00,
  0x00, 0x00, 0x00, 0x00, 0x00, 0x00, 0x00, 0x00, 0x00, 0x00, 0x00, 0x00,
  0x00, 0x00, 0x00, 0x00, 0x00, 0x00, 0x00, 0x00, 0x00, 0x00, 0x00, 0x00,
  0x00, 0x00, 0x00, 0x00, 0x00, 0x00, 0x00, 0x00, 0x00, 0x00, 0x00, 0x00,
  0x00, 0x00, 0x00, 0x00, 0x00, 0x00, 0x00, 0x00, 0x00, 0x00, 0x00, 0x00,
  0x00, 0x00, 0x00, 0x00, 0x10, 0x00, 0x00, 0x00, 0xA2, 0x83, 0x2E, 0x3A,
  0x47, 0x30, 0x2D, 0x3A, 0x7B, 0x9E, 0x50, 0x3A, 0x75, 0x4B, 0x5B, 0x3A,
  0x82, 0x2C, 0x39, 0x3A, 0xDE, 0xDF, 0x2F, 0x3A, 0xB1, 0x67, 0xB3, 0x3A,
  0xF6, 0xE0, 0x36, 0x3A, 0xBF, 0x8B, 0x84, 0x3A, 0xFB, 0xD9, 0x2F, 0x3A,
  0x4A, 0xEA, 0x2C, 0x3A, 0xF7, 0x0B, 0x8D, 0x3A, 0x7B, 0x62, 0x4B, 0x3A,
  0x7A, 0x25, 0x64, 0x3A, 0x46, 0x5D, 0x56, 0x3A, 0x03, 0xEC, 0x99, 0x3A,
  0x10, 0x00, 0x00, 0x00, 0x61, 0x72, 0x69, 0x74, 0x68, 0x2E, 0x63, 0x6F,
  0x6E, 0x73, 0x74, 0x61, 0x6E, 0x74, 0x33, 0x32, 0x00, 0x00, 0x00, 0x00,
  0x01, 0x00, 0x00, 0x00, 0x10, 0x00, 0x00, 0x00, 0xD2, 0xF1, 0xFF, 0xFF,
  0x00, 0x00, 0x00, 0x01, 0x14, 0x00, 0x00, 0x00, 0xE4, 0x00, 0x00, 0x00,
  0x18, 0x00, 0x00, 0x00, 0x00, 0x00, 0x00, 0x02, 0xF0, 0x00, 0x00, 0x00,
  0x54, 0xF1, 0xFF, 0xFF, 0x08, 0x00, 0x00, 0x00, 0x88, 0x00, 0x00, 0x00,
  0x10, 0x00, 0x00, 0x00, 0x00, 0x00, 0x00, 0x00, 0x00, 0x00, 0x00, 0x00,
  0x00, 0x00, 0x00, 0x00, 0x00, 0x00, 0x00, 0x00, 0x00, 0x00, 0x00, 0x00,
  0x00, 0x00, 0x00, 0x00, 0x00, 0x00, 0x00, 0x00, 0x00, 0x00, 0x00, 0x00,
  0x00, 0x00, 0x00, 0x00, 0x00, 0x00, 0x00, 0x00, 0x00, 0x00, 0x00, 0x00,
  0x00, 0x00, 0x00, 0x00, 0x00, 0x00, 0x00, 0x00, 0x00, 0x00, 0x00, 0x00,
  0x00, 0x00, 0x00, 0x00, 0x00, 0x00, 0x00, 0x00, 0x00, 0x00, 0x00, 0x00,
  0x00, 0x00, 0x00, 0x00, 0x00, 0x00, 0x00, 0x00, 0x00, 0x00, 0x00, 0x00,
  0x00, 0x00, 0x00, 0x00, 0x00, 0x00, 0x00, 0x00, 0x00, 0x00, 0x00, 0x00,
  0x00, 0x00, 0x00, 0x00, 0x00, 0x00, 0x00, 0x00, 0x00, 0x00, 0x00, 0x00,
  0x00, 0x00, 0x00, 0x00, 0x00, 0x00, 0x00, 0x00, 0x00, 0x00, 0x00, 0x00,
  0x00, 0x00, 0x00, 0x00, 0x00, 0x00, 0x00, 0x00, 0x00, 0x00, 0x00, 0x00,
  0x10, 0x00, 0x00, 0x00, 0x02, 0x34, 0xD0, 0x39, 0x41, 0x05, 0x94, 0x39,
  0x77, 0x11, 0x85, 0x39, 0xF5, 0xB9, 0xC4, 0x39, 0x51, 0x35, 0xC4, 0x39,
  0x1E, 0x6D, 0xA6, 0x39, 0xDF, 0x65, 0xD8, 0x39, 0xD4, 0x0A, 0xDE, 0x39,
  0x2F, 0x73, 0xAE, 0x39, 0xB3, 0x16, 0xC3, 0x39, 0x8E, 0xB8, 0xFD, 0x39,
  0xF1, 0x28, 0xDB, 0x39, 0x3A, 0x5C, 0xB2, 0x39, 0x3C, 0x04, 0xEA, 0x39,
  0x3B, 0xFB, 0x8C, 0x39, 0xB5, 0x36, 0x00, 0x3A, 0x10, 0x00, 0x00, 0x00,
  0x61, 0x72, 0x69, 0x74, 0x68, 0x2E, 0x63, 0x6F, 0x6E, 0x73, 0x74, 0x61,
  0x6E, 0x74, 0x33, 0x31, 0x00, 0x00, 0x00, 0x00, 0x01, 0x00, 0x00, 0x00,
  0x10, 0x00, 0x00, 0x00, 0xE2, 0xF2, 0xFF, 0xFF, 0x00, 0x00, 0x00, 0x01,
  0x14, 0x00, 0x00, 0x00, 0xE8, 0x00, 0x00, 0x00, 0x18, 0x00, 0x00, 0x00,
  0x00, 0x00, 0x00, 0x02, 0xF0, 0x00, 0x00, 0x00, 0x64, 0xF2, 0xFF, 0xFF,
  0x08, 0x00, 0x00, 0x00, 0x8C, 0x00, 0x00, 0x00, 0x10, 0x00, 0x00, 0x00,
  0x00, 0x00, 0x00, 0x00, 0x00, 0x00, 0x00, 0x00, 0x00, 0x00, 0x00, 0x00,
  0x00, 0x00, 0x00, 0x00, 0x00, 0x00, 0x00, 0x00, 0x00, 0x00, 0x00, 0x00,
  0x00, 0x00, 0x00, 0x00, 0x00, 0x00, 0x00, 0x00, 0x00, 0x00, 0x00, 0x00,
  0x00, 0x00, 0x00, 0x00, 0x00, 0x00, 0x00, 0x00, 0x00, 0x00, 0x00, 0x00,
  0x00, 0x00, 0x00, 0x00, 0x00, 0x00, 0x00, 0x00, 0x00, 0x00, 0x00, 0x00,
  0x00, 0x00, 0x00, 0x00, 0x00, 0x00, 0x00, 0x00, 0x00, 0x00, 0x00, 0x00,
  0x00, 0x00, 0x00, 0x00, 0x00, 0x00, 0x00, 0x00, 0x00, 0x00, 0x00, 0x00,
  0x00, 0x00, 0x00, 0x00, 0x00, 0x00, 0x00, 0x00, 0x00, 0x00, 0x00, 0x00,
  0x00, 0x00, 0x00, 0x00, 0x00, 0x00, 0x00, 0x00, 0x00, 0x00, 0x00, 0x00,
  0x00, 0x00, 0x00, 0x00, 0x00, 0x00, 0x00, 0x00, 0x00, 0x00, 0x00, 0x00,
  0x00, 0x00, 0x00, 0x00, 0x00, 0x00, 0x00, 0x00, 0x00, 0x00, 0x00, 0x00,
  0x10, 0x00, 0x00, 0x00, 0x82, 0x0E, 0x60, 0x39, 0xCE, 0x2D, 0x68, 0x39,
  0xFC, 0x9F, 0x2B, 0x39, 0x13, 0x23, 0x2A, 0x39, 0x31, 0xD3, 0xC7, 0x39,
  0xDC, 0x65, 0x51, 0x39, 0x39, 0x5C, 0x2B, 0x39, 0x60, 0xE8, 0x7D, 0x39,
  0x99, 0xFB, 0x8A, 0x39, 0x0E, 0xCB, 0x7E, 0x39, 0x6D, 0xE2, 0x5A, 0x39,
  0xAC, 0x5B, 0x67, 0x39, 0x6E, 0x91, 0x6B, 0x39, 0xF3, 0x53, 0x68, 0x39,
  0x2C, 0x94, 0xD0, 0x39, 0x11, 0x2C, 0x31, 0x39, 0x0F, 0x00, 0x00, 0x00,
  0x61, 0x72, 0x69, 0x74, 0x68, 0x2E, 0x63, 0x6F, 0x6E, 0x73, 0x74, 0x61,
  0x6E, 0x74, 0x33, 0x00, 0x01, 0x00, 0x00, 0x00, 0x10, 0x00, 0x00, 0x00,
  0xF2, 0xF3, 0xFF, 0xFF, 0x00, 0x00, 0x00, 0x01, 0x14, 0x00, 0x00, 0x00,
  0x34, 0x00, 0x00, 0x00, 0x17, 0x00, 0x00, 0x00, 0x00, 0x00, 0x00, 0x09,
  0x68, 0x00, 0x00, 0x00, 0x74, 0xF3, 0xFF, 0xFF, 0x08, 0x00, 0x00, 0x00,
  0x14, 0x00, 0x00, 0x00, 0x01, 0x00, 0x00, 0x00, 0xF9, 0xFF, 0xFF, 0xFF,
  0xFF, 0xFF, 0xFF, 0xFF, 0x00, 0x00, 0x00, 0x00, 0x01, 0x00, 0x00, 0x00,
  0x3E, 0xA6, 0xC5, 0x3A, 0x3B, 0x00, 0x00, 0x00, 0x53, 0x49, 0x4D, 0x44,
  0x5F, 0x54, 0x43, 0x4E, 0x5F, 0x4D, 0x79, 0x6F, 0x54, 0x65, 0x6E, 0x73,
  0x6F, 0x72, 0x2F, 0x74, 0x63, 0x6E, 0x5F, 0x63, 0x6F, 0x6E, 0x76, 0x31,
  0x64, 0x5F, 0x61, 0x5F, 0x32, 0x5F, 0x64, 0x32, 0x2F, 0x42, 0x69, 0x61,
  0x73, 0x41, 0x64, 0x64, 0x2F, 0x52, 0x65, 0x61, 0x64, 0x56, 0x61, 0x72,
  0x69, 0x61, 0x62, 0x6C, 0x65, 0x4F, 0x70, 0x00, 0x01, 0x00, 0x00, 0x00,
  0x10, 0x00, 0x00, 0x00, 0x7A, 0xF4, 0xFF, 0xFF, 0x00, 0x00, 0x00, 0x01,
  0x14, 0x00, 0x00, 0x00, 0xE8, 0x00, 0x00, 0x00, 0x16, 0x00, 0x00, 0x00,
  0x00, 0x00, 0x00, 0x09, 0x0C, 0x01, 0x00, 0x00, 0xFC, 0xF3, 0xFF, 0xFF,
  0x08, 0x00, 0x00, 0x00, 0x8C, 0x00, 0x00, 0x00, 0x10, 0x00, 0x00, 0x00,
  0x00, 0x00, 0x00, 0x00, 0x00, 0x00, 0x00, 0x00, 0x00, 0x00, 0x00, 0x00,
  0x00, 0x00, 0x00, 0x00, 0x00, 0x00, 0x00, 0x00, 0x00, 0x00, 0x00, 0x00,
  0x00, 0x00, 0x00, 0x00, 0x00, 0x00, 0x00, 0x00, 0x00, 0x00, 0x00, 0x00,
  0x00, 0x00, 0x00, 0x00, 0x00, 0x00, 0x00, 0x00, 0x00, 0x00, 0x00, 0x00,
  0x00, 0x00, 0x00, 0x00, 0x00, 0x00, 0x00, 0x00, 0x00, 0x00, 0x00, 0x00,
  0x00, 0x00, 0x00, 0x00, 0x00, 0x00, 0x00, 0x00, 0x00, 0x00, 0x00, 0x00,
  0x00, 0x00, 0x00, 0x00, 0x00, 0x00, 0x00, 0x00, 0x00, 0x00, 0x00, 0x00,
  0x00, 0x00, 0x00, 0x00, 0x00, 0x00, 0x00, 0x00, 0x00, 0x00, 0x00, 0x00,
  0x00, 0x00, 0x00, 0x00, 0x00, 0x00, 0x00, 0x00, 0x00, 0x00, 0x00, 0x00,
  0x00, 0x00, 0x00, 0x00, 0x00, 0x00, 0x00, 0x00, 0x00, 0x00, 0x00, 0x00,
  0x00, 0x00, 0x00, 0x00, 0x00, 0x00, 0x00, 0x00, 0x00, 0x00, 0x00, 0x00,
  0x10, 0x00, 0x00, 0x00, 0x9F, 0x02, 0x61, 0x3B, 0x2A, 0xF8, 0x1F, 0x3B,
  0x61, 0xCF, 0x0F, 0x3B, 0x66, 0x9B, 0x54, 0x3B, 0x0D, 0x0C, 0x54, 0x3B,
  0x64, 0xDC, 0x33, 0x3B, 0xD5, 0xDD, 0x69, 0x3B, 0x6F, 0xF7, 0x6F, 0x3B,
  0x46, 0x88, 0x3C, 0x3B, 0x4C, 0xD6, 0x52, 0x3B, 0xE8, 0x19, 0x89, 0x3B,
  0xFB, 0xD9, 0x6C, 0x3B, 0x1F, 0xC2, 0x40, 0x3B, 0x4B, 0xE8, 0x7C, 0x3B,
  0xAD, 0x5C, 0x18, 0x3B, 0x4D, 0x90, 0x8A, 0x3B, 0x2B, 0x00, 0x00, 0x00,
  0x53, 0x49, 0x4D, 0x44, 0x5F, 0x54, 0x43, 0x4E, 0x5F, 0x4D, 0x79, 0x6F,
  0x54, 0x65, 0x6E, 0x73, 0x6F, 0x72, 0x2F, 0x74, 0x63, 0x6E, 0x5F, 0x63,
  0x6F, 0x6E, 0x76, 0x31, 0x64, 0x5F, 0x62, 0x5F, 0x32, 0x5F, 0x64, 0x32,
  0x2F, 0x43, 0x6F, 0x6E, 0x76, 0x31, 0x44, 0x00, 0x04, 0x00, 0x00, 0x00,
  0x10, 0x00, 0x00, 0x00, 0x01, 0x00, 0x00, 0x00, 0x03, 0x00, 0x00, 0x00,
  0x10, 0x00, 0x00, 0x00, 0xB2, 0xF5, 0xFF, 0xFF, 0x00, 0x00, 0x00, 0x01,
  0x14, 0x00, 0x00, 0x00, 0x34, 0x00, 0x00, 0x00, 0x15, 0x00, 0x00, 0x00,
  0x00, 0x00, 0x00, 0x09, 0x68, 0x00, 0x00, 0x00, 0x34, 0xF5, 0xFF, 0xFF,
  0x08, 0x00, 0x00, 0x00, 0x14, 0x00, 0x00, 0x00, 0x01, 0x00, 0x00, 0x00,
  0xFA, 0xFF, 0xFF, 0xFF, 0xFF, 0xFF, 0xFF, 0xFF, 0x00, 0x00, 0x00, 0x00,
  0x01, 0x00, 0x00, 0x00, 0x89, 0x7A, 0xB5, 0x3A, 0x3B, 0x00, 0x00, 0x00,
  0x53, 0x49, 0x4D, 0x44, 0x5F, 0x54, 0x43, 0x4E, 0x5F, 0x4D, 0x79, 0x6F,
  0x54, 0x65, 0x6E, 0x73, 0x6F, 0x72, 0x2F, 0x74, 0x63, 0x6E, 0x5F, 0x63,
  0x6F, 0x6E, 0x76, 0x31, 0x64, 0x5F, 0x62, 0x5F, 0x32, 0x5F, 0x64, 0x32,
  0x2F, 0x42, 0x69, 0x61, 0x73, 0x41, 0x64, 0x64, 0x2F, 0x52, 0x65, 0x61,
  0x64, 0x56, 0x61, 0x72, 0x69, 0x61, 0x62, 0x6C, 0x65, 0x4F, 0x70, 0x00,
  0x01, 0x00, 0x00, 0x00, 0x10, 0x00, 0x00, 0x00, 0x3A, 0xF6, 0xFF, 0xFF,
  0x00, 0x00, 0x00, 0x01, 0x14, 0x00, 0x00, 0x00, 0xE8, 0x00, 0x00, 0x00,
  0x14, 0x00, 0x00, 0x00, 0x00, 0x00, 0x00, 0x09, 0x0C, 0x01, 0x00, 0x00,
  0xBC, 0xF5, 0xFF, 0xFF, 0x08, 0x00, 0x00, 0x00, 0x8C, 0x00, 0x00, 0x00,
  0x10, 0x00, 0x00, 0x00, 0x00, 0x00, 0x00, 0x00, 0x00, 0x00, 0x00, 0x00,
  0x00, 0x00, 0x00, 0x00, 0x00, 0x00, 0x00, 0x00, 0x00, 0x00, 0x00, 0x00,
  0x00, 0x00, 0x00, 0x00, 0x00, 0x00, 0x00, 0x00, 0x00, 0x00, 0x00, 0x00,
  0x00, 0x00, 0x00, 0x00, 0x00, 0x00, 0x00, 0x00, 0x00, 0x00, 0x00, 0x00,
  0x00, 0x00, 0x00, 0x00, 0x00, 0x00, 0x00, 0x00, 0x00, 0x00, 0x00, 0x00,
  0x00, 0x00, 0x00, 0x00, 0x00, 0x00, 0x00, 0x00, 0x00, 0x00, 0x00, 0x00,
  0x00, 0x00, 0x00, 0x00, 0x00, 0x00, 0x00, 0x00, 0x00, 0x00, 0x00, 0x00,
  0x00, 0x00, 0x00, 0x00, 0x00, 0x00, 0x00, 0x00, 0x00, 0x00, 0x00, 0x00,
  0x00, 0x00, 0x00, 0x00, 0x00, 0x00, 0x00, 0x00, 0x00, 0x00, 0x00, 0x00,
  0x00, 0x00, 0x00, 0x00, 0x00, 0x00, 0x00, 0x00, 0x00, 0x00, 0x00, 0x00,
  0x00, 0x00, 0x00, 0x00, 0x00, 0x00, 0x00, 0x00, 0x00, 0x00, 0x00, 0x00,
  0x00, 0x00, 0x00, 0x00, 0x10, 0x00, 0x00, 0x00, 0x08, 0x05, 0x1D, 0x3B,
  0xB2, 0xD3, 0x1B, 0x3B, 0xA3, 0xB4, 0x3B, 0x3B, 0xA4, 0x4F, 0x45, 0x3B,
  0x58, 0x9C, 0x26, 0x3B, 0x5B, 0x3E, 0x1E, 0x3B, 0x93, 0x6B, 0xA1, 0x3B,
  0xB3, 0x8B, 0x24, 0x3B, 0x60, 0x84, 0x6E, 0x3B, 0x0F, 0x39, 0x1E, 0x3B,
  0xB9, 0x94, 0x1B, 0x3B, 0x7F, 0xD0, 0x7D, 0x3B, 0xF8, 0xFE, 0x36, 0x3B,
  0x80, 0x46, 0x4D, 0x3B, 0xFD, 0xDF, 0x40, 0x3B, 0xE0, 0x7D, 0x8A, 0x3B,
  0x2B, 0x00, 0x00, 0x00, 0x53, 0x49, 0x4D, 0x44, 0x5F, 0x54, 0x43, 0x4E,
  0x5F, 0x4D, 0x79, 0x6F, 0x54, 0x65, 0x6E, 0x73, 0x6F, 0x72, 0x2F, 0x74,
  0x63, 0x6E, 0x5F, 0x63, 0x6F, 0x6E, 0x76, 0x31, 0x64, 0x5F, 0x61, 0x5F,
  0x33, 0x5F, 0x64, 0x34, 0x2F, 0x43, 0x6F, 0x6E, 0x76, 0x31, 0x44, 0x00,
  0x04, 0x00, 0x00, 0x00, 0x10, 0x00, 0x00, 0x00, 0x01, 0x00, 0x00, 0x00,
  0x03, 0x00, 0x00, 0x00, 0x10, 0x00, 0x00, 0x00, 0x72, 0xF7, 0xFF, 0xFF,
  0x00, 0x00, 0x00, 0x01, 0x14, 0x00, 0x00, 0x00, 0x34, 0x00, 0x00, 0x00,
  0x13, 0x00, 0x00, 0x00, 0x00, 0x00, 0x00, 0x09, 0x68, 0x00, 0x00, 0x00,
  0xF4, 0xF6, 0xFF, 0xFF, 0x08, 0x00, 0x00, 0x00, 0x14, 0x00, 0x00, 0x00,
  0x01, 0x00, 0x00, 0x00, 0xF7, 0xFF, 0xFF, 0xFF, 0xFF, 0xFF, 0xFF, 0xFF,
  0x00, 0x00, 0x00, 0x00, 0x01, 0x00, 0x00, 0x00, 0x01, 0xD7, 0x9B, 0x3A,
  0x3B, 0x00, 0x00, 0x00, 0x53, 0x49, 0x4D, 0x44, 0x5F, 0x54, 0x43, 0x4E,
  0x5F, 0x4D, 0x79, 0x6F, 0x54, 0x65, 0x6E, 0x73, 0x6F, 0x72, 0x2F, 0x74,
  0x63, 0x6E, 0x5F, 0x63, 0x6F, 0x6E, 0x76, 0x31, 0x64, 0x5F, 0x61, 0x5F,
  0x33, 0x5F, 0x64, 0x34, 0x2F, 0x42, 0x69, 0x61, 0x73, 0x41, 0x64, 0x64,
  0x2F, 0x52, 0x65, 0x61, 0x64, 0x56, 0x61, 0x72, 0x69, 0x61, 0x62, 0x6C,
  0x65, 0x4F, 0x70, 0x00, 0x01, 0x00, 0x00, 0x00, 0x10, 0x00, 0x00, 0x00,
  0xFA, 0xF7, 0xFF, 0xFF, 0x00, 0x00, 0x00, 0x01, 0x14, 0x00, 0x00, 0x00,
  0xE8, 0x00, 0x00, 0x00, 0x12, 0x00, 0x00, 0x00, 0x00, 0x00, 0x00, 0x09,
  0x0C, 0x01, 0x00, 0x00, 0x7C, 0xF7, 0xFF, 0xFF, 0x08, 0x00, 0x00, 0x00,
  0x8C, 0x00, 0x00, 0x00, 0x10, 0x00, 0x00, 0x00, 0x00, 0x00, 0x00, 0x00,
  0x00, 0x00, 0x00, 0x00, 0x00, 0x00, 0x00, 0x00, 0x00, 0x00, 0x00, 0x00,
  0x00, 0x00, 0x00, 0x00, 0x00, 0x00, 0x00, 0x00, 0x00, 0x00, 0x00, 0x00,
  0x00, 0x00, 0x00, 0x00, 0x00, 0x00, 0x00, 0x00, 0x00, 0x00, 0x00, 0x00,
  0x00, 0x00, 0x00, 0x00, 0x00, 0x00, 0x00, 0x00, 0x00, 0x00, 0x00, 0x00,
  0x00, 0x00, 0x00, 0x00, 0x00, 0x00, 0x00, 0x00, 0x00, 0x00, 0x00, 0x00,
  0x00, 0x00, 0x00, 0x00, 0x00, 0x00, 0x00, 0x00, 0x00, 0x00, 0x00, 0x00,
  0x00, 0x00, 0x00, 0x00, 0x00, 0x00, 0x00, 0x00, 0x00, 0x00, 0x00, 0x00,
  0x00, 0x00, 0x00, 0x00, 0x00, 0x00, 0x00, 0x00, 0x00, 0x00, 0x00, 0x00,
  0x00, 0x00, 0x00, 0x00, 0x00, 0x00, 0x00, 0x00, 0x00, 0x00, 0x00, 0x00,
  0x00, 0x00, 0x00, 0x00, 0x00, 0x00, 0x00, 0x00, 0x00, 0x00, 0x00, 0x00,
  0x00, 0x00, 0x00, 0x00, 0x00, 0x00, 0x00, 0x00, 0x10, 0x00, 0x00, 0x00,
  0x96, 0x82, 0x39, 0x3B, 0xBB, 0xCC, 0x62, 0x3B, 0x03, 0x07, 0x4F, 0x3B,
  0x8A, 0x7F, 0x1E, 0x3B, 0xBD, 0xA5, 0x35, 0x3B, 0x50, 0x4C, 0x34, 0x3B,
  0x60, 0x4C, 0x0F, 0x3B, 0x46, 0xA4, 0x10, 0x3B, 0xE9, 0x3E, 0x80, 0x3B,
  0x7E, 0xC7, 0x46, 0x3B, 0x89, 0x18, 0x37, 0x3B, 0xE5, 0xDD, 0x8B, 0x3B,
  0xF8, 0xB5, 0x32, 0x3B, 0x61, 0xBA, 0x59, 0x3B, 0x60, 0xF1, 0x31, 0x3B,
  0xC3, 0x00, 0x99, 0x3B, 0x2B, 0x00, 0x00, 0x00, 0x53, 0x49, 0x4D, 0x44,
  0x5F, 0x54, 0x43, 0x4E, 0x5F, 0x4D, 0x79, 0x6F, 0x54, 0x65, 0x6E, 0x73,
  0x6F, 0x72, 0x2F, 0x74, 0x63, 0x6E, 0x5F, 0x63, 0x6F, 0x6E, 0x76, 0x31,
  0x64, 0x5F, 0x62, 0x5F, 0x33, 0x5F, 0x64, 0x34, 0x2F, 0x43, 0x6F, 0x6E,
  0x76, 0x31, 0x44, 0x00, 0x04, 0x00, 0x00, 0x00, 0x10, 0x00, 0x00, 0x00,
  0x01, 0x00, 0x00, 0x00, 0x03, 0x00, 0x00, 0x00, 0x10, 0x00, 0x00, 0x00,
  0x32, 0xF9, 0xFF, 0xFF, 0x00, 0x00, 0x00, 0x01, 0x14, 0x00, 0x00, 0x00,
  0x34, 0x00, 0x00, 0x00, 0x11, 0x00, 0x00, 0x00, 0x00, 0x00, 0x00, 0x09,
  0x68, 0x00, 0x00, 0x00, 0xB4, 0xF8, 0xFF, 0xFF, 0x08, 0x00, 0x00, 0x00,
  0x14, 0x00, 0x00, 0x00, 0x01, 0x00, 0x00, 0x00, 0xF9, 0xFF, 0xFF, 0xFF,
  0xFF, 0xFF, 0xFF, 0xFF, 0x00, 0x00, 0x00, 0x00, 0x01, 0x00, 0x00, 0x00,
  0xD9, 0x0B, 0xBD, 0x3A, 0x3B, 0x00, 0x00, 0x00, 0x53, 0x49, 0x4D, 0x44,
  0x5F, 0x54, 0x43, 0x4E, 0x5F, 0x4D, 0x79, 0x6F, 0x54, 0x65, 0x6E, 0x73,
  0x6F, 0x72, 0x2F, 0x74, 0x63, 0x6E, 0x5F, 0x63, 0x6F, 0x6E, 0x76, 0x31,
  0x64, 0x5F, 0x62, 0x5F, 0x33, 0x5F, 0x64, 0x34, 0x2F, 0x42, 0x69, 0x61,
  0x73, 0x41, 0x64, 0x64, 0x2F, 0x52, 0x65, 0x61, 0x64, 0x56, 0x61, 0x72,
  0x69, 0x61, 0x62, 0x6C, 0x65, 0x4F, 0x70, 0x00, 0x01, 0x00, 0x00, 0x00,
  0x10, 0x00, 0x00, 0x00, 0xBA, 0xF9, 0xFF, 0xFF, 0x00, 0x00, 0x00, 0x01,
  0x14, 0x00, 0x00, 0x00, 0xE8, 0x00, 0x00, 0x00, 0x10, 0x00, 0x00, 0x00,
  0x00, 0x00, 0x00, 0x09, 0x0C, 0x01, 0x00, 0x00, 0x3C, 0xF9, 0xFF, 0xFF,
  0x08, 0x00, 0x00, 0x00, 0x8C, 0x00, 0x00, 0x00, 0x10, 0x00, 0x00, 0x00,
  0x00, 0x00, 0x00, 0x00, 0x00, 0x00, 0x00, 0x00, 0x00, 0x00, 0x00, 0x00,
  0x00, 0x00, 0x00, 0x00, 0x00, 0x00, 0x00, 0x00, 0x00, 0x00, 0x00, 0x00,
  0x00, 0x00, 0x00, 0x00, 0x00, 0x00, 0x00, 0x00, 0x00, 0x00, 0x00, 0x00,
  0x00, 0x00, 0x00, 0x00, 0x00, 0x00, 0x00, 0x00, 0x00, 0x00, 0x00, 0x00,
  0x00, 0x00, 0x00, 0x00, 0x00, 0x00, 0x00, 0x00, 0x00, 0x00, 0x00, 0x00,
  0x00, 0x00, 0x00, 0x00, 0x00, 0x00, 0x00, 0x00, 0x00, 0x00, 0x00, 0x00,
  0x00, 0x00, 0x00, 0x00, 0x00, 0x00, 0x00, 0x00, 0x00, 0x00, 0x00, 0x00,
  0x00, 0x00, 0x00, 0x00, 0x00, 0x00, 0x00, 0x00, 0x00, 0x00, 0x00, 0x00,
  0x00, 0x00, 0x00, 0x00, 0x00, 0x00, 0x00, 0x00, 0x00, 0x00, 0x00, 0x00,
  0x00, 0x00, 0x00, 0x00, 0x00, 0x00, 0x00, 0x00, 0x00, 0x00, 0x00, 0x00,
  0x00, 0x00, 0x00, 0x00, 0x00, 0x00, 0x00, 0x00, 0x00, 0x00, 0x00, 0x00,
  0x10, 0x00, 0x00, 0x00, 0x69, 0x9D, 0x3F, 0x3B, 0xBE, 0x56, 0x4D, 0x3B,
  0x45, 0xD9, 0x59, 0x3B, 0x81, 0x14, 0x56, 0x3B, 0xCB, 0x28, 0x5C, 0x3B,
  0x43, 0x9F, 0x5D, 0x3B, 0x7D, 0xD6, 0x85, 0x3B, 0x60, 0x55, 0x9E, 0x3B,
  0xE9, 0xF6, 0x8A, 0x3B, 0x84, 0x04, 0x97, 0x3B, 0x36, 0xC9, 0x7E, 0x3B,
  0xD0, 0x77, 0x63, 0x3B, 0x65, 0xFE, 0x7F, 0x3B, 0xA8, 0xCC, 0x31, 0x3B,
  0x7E, 0x99, 0x87, 0x3B, 0x42, 0x91, 0x69, 0x3B, 0x28, 0x00, 0x00, 0x00,
  0x53, 0x49, 0x4D, 0x44, 0x5F, 0x54, 0x43, 0x4E, 0x5F, 0x4D, 0x79, 0x6F,
  0x54, 0x65, 0x6E, 0x73, 0x6F, 0x72, 0x2F, 0x64, 0x65, 0x6E, 0x73, 0x65,
  0x5F, 0x66, 0x65, 0x61, 0x74, 0x75, 0x72, 0x65, 0x73, 0x2F, 0x4D, 0x61,
  0x74, 0x4D, 0x75, 0x6C, 0x00, 0x00, 0x00, 0x00, 0x02, 0x00, 0x00, 0x00,
  0x10, 0x00, 0x00, 0x00, 0x10, 0x00, 0x00, 0x00, 0xEA, 0xFA, 0xFF, 0xFF,
  0x00, 0x00, 0x00, 0x01, 0x14, 0x00, 0x00, 0x00, 0xE4, 0x00, 0x00, 0x00,
  0x0F, 0x00, 0x00, 0x00, 0x00, 0x00, 0x00, 0x02, 0x30, 0x01, 0x00, 0x00,
  0x6C, 0xFA, 0xFF, 0xFF, 0x08, 0x00, 0x00, 0x00, 0x88, 0x00, 0x00, 0x00,
  0x10, 0x00, 0x00, 0x00, 0x00, 0x00, 0x00, 0x00, 0x00, 0x00, 0x00, 0x00,
  0x00, 0x00, 0x00, 0x00, 0x00, 0x00, 0x00, 0x00, 0x00, 0x00, 0x00, 0x00,
  0x00, 0x00, 0x00, 0x00, 0x00, 0x00, 0x00, 0x00, 0x00, 0x00, 0x00, 0x00,
  0x00, 0x00, 0x00, 0x00, 0x00, 0x00, 0x00, 0x00, 0x00, 0x00, 0x00, 0x00,
  0x00, 0x00, 0x00, 0x00, 0x00, 0x00, 0x00, 0x00, 0x00, 0x00, 0x00, 0x00,
  0x00, 0x00, 0x00, 0x00, 0x00, 0x00, 0x00, 0x00, 0x00, 0x00, 0x00, 0x00,
  0x00, 0x00, 0x00, 0x00, 0x00, 0x00, 0x00, 0x00, 0x00, 0x00, 0x00, 0x00,
  0x00, 0x00, 0x00, 0x00, 0x00, 0x00, 0x00, 0x00, 0x00, 0x00, 0x00, 0x00,
  0x00, 0x00, 0x00, 0x00, 0x00, 0x00, 0x00, 0x00, 0x00, 0x00, 0x00, 0x00,
  0x00, 0x00, 0x00, 0x00, 0x00, 0x00, 0x00, 0x00, 0x00, 0x00, 0x00, 0x00,
  0x00, 0x00, 0x00, 0x00, 0x00, 0x00, 0x00, 0x00, 0x00, 0x00, 0x00, 0x00,
  0x10, 0x00, 0x00, 0x00, 0xC8, 0xED, 0x05, 0x3A, 0x6B, 0x85, 0x0F, 0x3A,
  0xD1, 0x43, 0x18, 0x3A, 0x7F, 0xA1, 0x15, 0x3A, 0x43, 0xE1, 0x19, 0x3A,
  0xFF, 0xE6, 0x1A, 0x3A, 0x65, 0x17, 0x3B, 0x3A, 0x71, 0x55, 0x5D, 0x3A,
  0x06, 0x42, 0x42, 0x3A, 0x61, 0x1B, 0x53, 0x3A, 0x07, 0x15, 0x32, 0x3A,
  0x02, 0xFD, 0x1E, 0x3A, 0x22, 0xED, 0x32, 0x3A, 0x8C, 0x8B, 0xF8, 0x39,
  0xD9, 0x8D, 0x3D, 0x3A, 0x60, 0x40, 0x23, 0x3A, 0x50, 0x00, 0x00, 0x00,
  0x53, 0x49, 0x4D, 0x44, 0x5F, 0x54, 0x43, 0x4E, 0x5F, 0x4D, 0x79, 0x6F,
  0x54, 0x65, 0x6E, 0x73, 0x6F, 0x72, 0x2F, 0x64, 0x65, 0x6E, 0x73, 0x65,
  0x5F, 0x66, 0x65, 0x61, 0x74, 0x75, 0x72, 0x65, 0x73, 0x2F, 0x52, 0x65,
  0x6C, 0x75, 0x3B, 0x53, 0x49, 0x4D, 0x44, 0x5F, 0x54, 0x43, 0x4E, 0x5F,
  0x4D, 0x79, 0x6F, 0x54, 0x65, 0x6E, 0x73, 0x6F, 0x72, 0x2F, 0x64, 0x65,
  0x6E, 0x73, 0x65, 0x5F, 0x66, 0x65, 0x61, 0x74, 0x75, 0x72, 0x65, 0x73,
  0x2F, 0x42, 0x69, 0x61, 0x73, 0x41, 0x64, 0x64, 0x00, 0x00, 0x00, 0x00,
  0x01, 0x00, 0x00, 0x00, 0x10, 0x00, 0x00, 0x00, 0x3A, 0xFC, 0xFF, 0xFF,
  0x00, 0x00, 0x00, 0x01, 0x14, 0x00, 0x00, 0x00, 0x58, 0x00, 0x00, 0x00,
  0x0E, 0x00, 0x00, 0x00, 0x00, 0x00, 0x00, 0x09, 0x7C, 0x00, 0x00, 0x00,
  0xBC, 0xFB, 0xFF, 0xFF, 0x08, 0x00, 0x00, 0x00, 0x2C, 0x00, 0x00, 0x00,
  0x04, 0x00, 0x00, 0x00, 0x00, 0x00, 0x00, 0x00, 0x00, 0x00, 0x00, 0x00,
  0x00, 0x00, 0x00, 0x00, 0x00, 0x00, 0x00, 0x00, 0x00, 0x00, 0x00, 0x00,
  0x00, 0x00, 0x00, 0x00, 0x00, 0x00, 0x00, 0x00, 0x00, 0x00, 0x00, 0x00,
  0x00, 0x00, 0x00, 0x00, 0x04, 0x00, 0x00, 0x00, 0x1E, 0x7D, 0xE1, 0x3B,
  0x54, 0x56, 0x9D, 0x3B, 0x3C, 0xF8, 0xC0, 0x3B, 0x50, 0xE9, 0xB9, 0x3B,
  0x29, 0x00, 0x00, 0x00, 0x53, 0x49, 0x4D, 0x44, 0x5F, 0x54, 0x43, 0x4E,
  0x5F, 0x4D, 0x79, 0x6F, 0x54, 0x65, 0x6E, 0x73, 0x6F, 0x72, 0x2F, 0x6F,
  0x75, 0x74, 0x70, 0x75, 0x74, 0x5F, 0x67, 0x65, 0x73, 0x74, 0x75, 0x72,
  0x65, 0x73, 0x2F, 0x4D, 0x61, 0x74, 0x4D, 0x75, 0x6C, 0x00, 0x00, 0x00,
  0x02, 0x00, 0x00, 0x00, 0x04, 0x00, 0x00, 0x00, 0x10, 0x00, 0x00, 0x00,
  0xDA, 0xFC, 0xFF, 0xFF, 0x00, 0x00, 0x00, 0x01, 0x14, 0x00, 0x00, 0x00,
  0x54, 0x00, 0x00, 0x00, 0x0D, 0x00, 0x00, 0x00, 0x00, 0x00, 0x00, 0x02,
  0x78, 0x00, 0x00, 0x00, 0x5C, 0xFC, 0xFF, 0xFF, 0x08, 0x00, 0x00, 0x00,
  0x28, 0x00, 0x00, 0x00, 0x04, 0x00, 0x00, 0x00, 0x00, 0x00, 0x00, 0x00,
  0x00, 0x00, 0x00, 0x00, 0x00, 0x00, 0x00, 0x00, 0x00, 0x00, 0x00, 0x00,
  0x00, 0x00, 0x00, 0x00, 0x00, 0x00, 0x00, 0x00, 0x00, 0x00, 0x00, 0x00,
  0x00, 0x00, 0x00, 0x00, 0x04, 0x00, 0x00, 0x00, 0x20, 0x51, 0x9C, 0x3A,
  0xC5, 0x24, 0x5A, 0x3A, 0x05, 0xC6, 0x85, 0x3A, 0x65, 0xE1, 0x80, 0x3A,
  0x2A, 0x00, 0x00, 0x00, 0x53, 0x49, 0x4D, 0x44, 0x5F, 0x54, 0x43, 0x4E,
  0x5F, 0x4D, 0x79, 0x6F, 0x54, 0x65, 0x6E, 0x73, 0x6F, 0x72, 0x2F, 0x6F,
  0x75, 0x74, 0x70, 0x75, 0x74, 0x5F, 0x67, 0x65, 0x73, 0x74, 0x75, 0x72,
  0x65, 0x73, 0x2F, 0x42, 0x69, 0x61, 0x73, 0x41, 0x64, 0x64, 0x00, 0x00,
  0x01, 0x00, 0x00, 0x00, 0x04, 0x00, 0x00, 0x00, 0x72, 0xFD, 0xFF, 0xFF,
  0x00, 0x00, 0x00, 0x01, 0x14, 0x00, 0x00, 0x00, 0x14, 0x00, 0x00, 0x00,
  0x0C, 0x00, 0x00, 0x00, 0x00, 0x00, 0x00, 0x02, 0x40, 0x00, 0x00, 0x00,
  0x5C, 0xFD, 0xFF, 0xFF, 0x31, 0x00, 0x00, 0x00, 0x53, 0x49, 0x4D, 0x44,
  0x5F, 0x54, 0x43, 0x4E, 0x5F, 0x4D, 0x79, 0x6F, 0x54, 0x65, 0x6E, 0x73,
  0x6F, 0x72, 0x2F, 0x74, 0x63, 0x6E, 0x5F, 0x67, 0x61, 0x70, 0x2F, 0x4D,
  0x65, 0x61, 0x6E, 0x2F, 0x72, 0x65, 0x64, 0x75, 0x63, 0x74, 0x69, 0x6F,
  0x6E, 0x5F, 0x69, 0x6E, 0x64, 0x69, 0x63, 0x65, 0x73, 0x00, 0x00, 0x00,
  0x00, 0x00, 0x00, 0x00, 0xCE, 0xFD, 0xFF, 0xFF, 0x00, 0x00, 0x00, 0x01,
  0x14, 0x00, 0x00, 0x00, 0x14, 0x00, 0x00, 0x00, 0x0B, 0x00, 0x00, 0x00,
  0x00, 0x00, 0x00, 0x02, 0x1C, 0x00, 0x00, 0x00, 0xB8, 0xFD, 0xFF, 0xFF,
  0x0E, 0x00, 0x00, 0x00, 0x61, 0x72, 0x69, 0x74, 0x68, 0x2E, 0x63, 0x6F,
  0x6E, 0x73, 0x74, 0x61, 0x6E, 0x74, 0x00, 0x00, 0x01, 0x00, 0x00, 0x00,
  0x03, 0x00, 0x00, 0x00, 0x0A, 0xFE, 0xFF, 0xFF, 0x00, 0x00, 0x00, 0x01,
  0x14, 0x00, 0x00, 0x00, 0x14, 0x00, 0x00, 0x00, 0x0A, 0x00, 0x00, 0x00,
  0x00, 0x00, 0x00, 0x02, 0x1C, 0x00, 0x00, 0x00, 0xF4, 0xFD, 0xFF, 0xFF,
  0x0F, 0x00, 0x00, 0x00, 0x61, 0x72, 0x69, 0x74, 0x68, 0x2E, 0x63, 0x6F,
  0x6E, 0x73, 0x74, 0x61, 0x6E, 0x74, 0x39, 0x00, 0x01, 0x00, 0x00, 0x00,
  0x01, 0x00, 0x00, 0x00, 0x46, 0xFE, 0xFF, 0xFF, 0x00, 0x00, 0x00, 0x01,
  0x14, 0x00, 0x00, 0x00, 0x14, 0x00, 0x00, 0x00, 0x09, 0x00, 0x00, 0x00,
  0x00, 0x00, 0x00, 0x02, 0x20, 0x00, 0x00, 0x00, 0x30, 0xFE, 0xFF, 0xFF,
  0x10, 0x00, 0x00, 0x00, 0x61, 0x72, 0x69, 0x74, 0x68, 0x2E, 0x63, 0x6F,
  0x6E, 0x73, 0x74, 0x61, 0x6E, 0x74, 0x31, 0x30, 0x00, 0x00, 0x00, 0x00,
  0x02, 0x00, 0x00, 0x00, 0x03, 0x00, 0x00, 0x00, 0x02, 0x00, 0x00, 0x00,
  0x8A, 0xFE, 0xFF, 0xFF, 0x00, 0x00, 0x00, 0x01, 0x14, 0x00, 0x00, 0x00,
  0x14, 0x00, 0x00, 0x00, 0x08, 0x00, 0x00, 0x00, 0x00, 0x00, 0x00, 0x02,
  0x1C, 0x00, 0x00, 0x00, 0x74, 0xFE, 0xFF, 0xFF, 0x0F, 0x00, 0x00, 0x00,
  0x61, 0x72, 0x69, 0x74, 0x68, 0x2E, 0x63, 0x6F, 0x6E, 0x73, 0x74, 0x61,
  0x6E, 0x74, 0x31, 0x00, 0x01, 0x00, 0x00, 0x00, 0x03, 0x00, 0x00, 0x00,
  0xC6, 0xFE, 0xFF, 0xFF, 0x00, 0x00, 0x00, 0x01, 0x14, 0x00, 0x00, 0x00,
  0x14, 0x00, 0x00, 0x00, 0x07, 0x00, 0x00, 0x00, 0x00, 0x00, 0x00, 0x02,
  0x1C, 0x00, 0x00, 0x00, 0xB0, 0xFE, 0xFF, 0xFF, 0x0F, 0x00, 0x00, 0x00,
  0x61, 0x72, 0x69, 0x74, 0x68, 0x2E, 0x63, 0x6F, 0x6E, 0x73, 0x74, 0x61,
  0x6E, 0x74, 0x37, 0x00, 0x02, 0x00, 0x00, 0x00, 0x01, 0x00, 0x00, 0x00,
  0x02, 0x00, 0x00, 0x00, 0x06, 0xFF, 0xFF, 0xFF, 0x00, 0x00, 0x00, 0x01,
  0x14, 0x00, 0x00, 0x00, 0x14, 0x00, 0x00, 0x00, 0x06, 0x00, 0x00, 0x00,
  0x00, 0x00, 0x00, 0x02, 0x1C, 0x00, 0x00, 0x00, 0xF0, 0xFE, 0xFF, 0xFF,
  0x0F, 0x00, 0x00, 0x00, 0x61, 0x72, 0x69, 0x74, 0x68, 0x2E, 0x63, 0x6F,
  0x6E, 0x73, 0x74, 0x61, 0x6E, 0x74, 0x36, 0x00, 0x01, 0x00, 0x00, 0x00,
  0x01, 0x00, 0x00, 0x00, 0x42, 0xFF, 0xFF, 0xFF, 0x00, 0x00, 0x00, 0x01,
  0x14, 0x00, 0x00, 0x00, 0x14, 0x00, 0x00, 0x00, 0x05, 0x00, 0x00, 0x00,
  0x00, 0x00, 0x00, 0x02, 0x1C, 0x00, 0x00, 0x00, 0x2C, 0xFF, 0xFF, 0xFF,
  0x0F, 0x00, 0x00, 0x00, 0x61, 0x72, 0x69, 0x74, 0x68, 0x2E, 0x63, 0x6F,
  0x6E, 0x73, 0x74, 0x61, 0x6E, 0x74, 0x38, 0x00, 0x02, 0x00, 0x00, 0x00,
  0x03, 0x00, 0x00, 0x00, 0x02, 0x00, 0x00, 0x00, 0x82, 0xFF, 0xFF, 0xFF,
  0x00, 0x00, 0x00, 0x01, 0x14, 0x00, 0x00, 0x00, 0x14, 0x00, 0x00, 0x00,
  0x04, 0x00, 0x00, 0x00, 0x00, 0x00, 0x00, 0x02, 0x1C, 0x00, 0x00, 0x00,
  0x6C, 0xFF, 0xFF, 0xFF, 0x0F, 0x00, 0x00, 0x00, 0x61, 0x72, 0x69, 0x74,
  0x68, 0x2E, 0x63, 0x6F, 0x6E, 0x73, 0x74, 0x61, 0x6E, 0x74, 0x35, 0x00,
  0x02, 0x00, 0x00, 0x00, 0x03, 0x00, 0x00, 0x00, 0x02, 0x00, 0x00, 0x00,
  0xC2, 0xFF, 0xFF, 0xFF, 0x00, 0x00, 0x00, 0x01, 0x14, 0x00, 0x00, 0x00,
  0x14, 0x00, 0x00, 0x00, 0x03, 0x00, 0x00, 0x00, 0x00, 0x00, 0x00, 0x02,
  0x1C, 0x00, 0x00, 0x00, 0xAC, 0xFF, 0xFF, 0xFF, 0x0F, 0x00, 0x00, 0x00,
  0x61, 0x72, 0x69, 0x74, 0x68, 0x2E, 0x63, 0x6F, 0x6E, 0x73, 0x74, 0x61,
  0x6E, 0x74, 0x32, 0x00, 0x01, 0x00, 0x00, 0x00, 0x03, 0x00, 0x00, 0x00,
  0x00, 0x00, 0x16, 0x00, 0x1C, 0x00, 0x18, 0x00, 0x17, 0x00, 0x10, 0x00,
  0x0C, 0x00, 0x08, 0x00, 0x00, 0x00, 0x00, 0x00, 0x00, 0x00, 0x07, 0x00,
  0x16, 0x00, 0x00, 0x00, 0x00, 0x00, 0x00, 0x01, 0x18, 0x00, 0x00, 0x00,
  0x18, 0x00, 0x00, 0x00, 0x02, 0x00, 0x00, 0x00, 0x00, 0x00, 0x00, 0x02,
  0x20, 0x00, 0x00, 0x00, 0x04, 0x00, 0x04, 0x00, 0x04, 0x00, 0x00, 0x00,
  0x0F, 0x00, 0x00, 0x00, 0x61, 0x72, 0x69, 0x74, 0x68, 0x2E, 0x63, 0x6F,
  0x6E, 0x73, 0x74, 0x61, 0x6E, 0x74, 0x34, 0x00, 0x00, 0x00, 0x00, 0x00,
  0x00, 0x00, 0x16, 0x00, 0x20, 0x00, 0x1C, 0x00, 0x1B, 0x00, 0x14, 0x00,
  0x10, 0x00, 0x0C, 0x00, 0x00, 0x00, 0x00, 0x00, 0x08, 0x00, 0x07, 0x00,
  0x16, 0x00, 0x00, 0x00, 0x00, 0x00, 0x00, 0x01, 0x18, 0x00, 0x00, 0x00,
  0x30, 0x00, 0x00, 0x00, 0x50, 0x00, 0x00, 0x00, 0x01, 0x00, 0x00, 0x00,
  0x00, 0x00, 0x00, 0x09, 0x68, 0x00, 0x00, 0x00, 0x03, 0x00, 0x00, 0x00,
  0xFF, 0xFF, 0xFF, 0xFF, 0xC8, 0x00, 0x00, 0x00, 0x01, 0x00, 0x00, 0x00,
  0x0C, 0x00, 0x0C, 0x00, 0x00, 0x00, 0x00, 0x00, 0x08, 0x00, 0x04, 0x00,
  0x0C, 0x00, 0x00, 0x00, 0x08, 0x00, 0x00, 0x00, 0x14, 0x00, 0x00, 0x00,
  0x01, 0x00, 0x00, 0x00, 0x1E, 0x00, 0x00, 0x00, 0x00, 0x00, 0x00, 0x00,
  0x00, 0x00, 0x00, 0x00, 0x01, 0x00, 0x00, 0x00, 0xF7, 0x6D, 0xC1, 0x3D,
  0x1C, 0x00, 0x00, 0x00, 0x73, 0x65, 0x72, 0x76, 0x69, 0x6E, 0x67, 0x5F,
  0x64, 0x65, 0x66, 0x61, 0x75, 0x6C, 0x74, 0x5F, 0x69, 0x6E, 0x70, 0x75,
  0x74, 0x5F, 0x73, 0x65, 0x6D, 0x67, 0x3A, 0x30, 0x00, 0x00, 0x00, 0x00,
  0x03, 0x00, 0x00, 0x00, 0x01, 0x00, 0x00, 0x00, 0xC8, 0x00, 0x00, 0x00,
  0x01, 0x00, 0x00, 0x00, 0x0A, 0x00, 0x00, 0x00, 0xD8, 0x00, 0x00, 0x00,
  0xB8, 0x00, 0x00, 0x00, 0x9C, 0x00, 0x00, 0x00, 0x88, 0x00, 0x00, 0x00,
  0x7C, 0x00, 0x00, 0x00, 0x60, 0x00, 0x00, 0x00, 0x40, 0x00, 0x00, 0x00,
  0x2C, 0x00, 0x00, 0x00, 0x18, 0x00, 0x00, 0x00, 0x04, 0x00, 0x00, 0x00,
  0x78, 0xFF, 0xFF, 0xFF, 0x19, 0x00, 0x00, 0x00, 0x02, 0x00, 0x00, 0x00,
  0x00, 0x00, 0x00, 0x19, 0x88, 0xFF, 0xFF, 0xFF, 0x09, 0x00, 0x00, 0x00,
  0x04, 0x00, 0x00, 0x00, 0x00, 0x00, 0x00, 0x09, 0x98, 0xFF, 0xFF, 0xFF,
  0x28, 0x00, 0x00, 0x00, 0x02, 0x00, 0x00, 0x00, 0x00, 0x00, 0x00, 0x28,
  0xA8, 0xFF, 0xFF, 0xFF, 0x25, 0x00, 0x00, 0x00, 0x03, 0x00, 0x00, 0x00,
  0x00, 0x00, 0x00, 0x25, 0x0C, 0x00, 0x0E, 0x00, 0x0D, 0x00, 0x00, 0x00,
  0x08, 0x00, 0x04, 0x00, 0x0C, 0x00, 0x00, 0x00, 0x26, 0x00, 0x00, 0x00,
  0x03, 0x00, 0x00, 0x00, 0x00, 0x26, 0x0A, 0x00, 0x08, 0x00, 0x00, 0x00,
  0x00, 0x00, 0x04, 0x00, 0x0A, 0x00, 0x00, 0x00, 0x02, 0x00, 0x00, 0x00,
  0xE4, 0xFF, 0xFF, 0xFF, 0x22, 0x00, 0x00, 0x00, 0x02, 0x00, 0x00, 0x00,
  0x00, 0x00, 0x00, 0x22, 0xD8, 0xFF, 0xFF, 0xFF, 0x16, 0x00, 0x00, 0x00,
  0x00, 0x00, 0x00, 0x16, 0x0C, 0x00, 0x10, 0x00, 0x0F, 0x00, 0x00, 0x00,
  0x08, 0x00, 0x04, 0x00, 0x0C, 0x00, 0x00, 0x00, 0x03, 0x00, 0x00, 0x00,
  0x03, 0x00, 0x00, 0x00, 0x00, 0x00, 0x00, 0x03, 0x0C, 0x00, 0x0C, 0x00,
  0x0B, 0x00, 0x00, 0x00, 0x00, 0x00, 0x04, 0x00, 0x0C, 0x00, 0x00, 0x00,
  0x46, 0x00, 0x00, 0x00, 0x00, 0x00, 0x00, 0x46
};

const int g_model_data_len = 25472;
